,Adj_Close,Close,Date,High,Low,Open,Symbol,Volume
0,129.050003,129.050003,2016-10-12,129.660004,128.460007,129.009995,FB,11027800
1,128.880005,128.880005,2016-10-11,130.639999,128.229996,130.229996,FB,17493200
2,130.240005,130.240005,2016-10-10,130.699997,129.199997,129.679993,FB,15101400
3,128.990005,128.990005,2016-10-07,129.25,128.330002,129.039993,FB,12794800
4,128.740005,128.740005,2016-10-06,129.059998,128.080002,128.429993,FB,11654200
5,128.470001,128.470001,2016-10-05,128.800003,127.830002,128.25,FB,12350500
6,128.190002,128.190002,2016-10-04,129.279999,127.550003,129.169998,FB,14281600
7,128.770004,128.770004,2016-10-03,129.089996,127.800003,128.380005,FB,13129300
8,128.270004,128.270004,2016-09-30,128.589996,127.449997,128.029999,FB,18369400
9,128.089996,128.089996,2016-09-29,129.289993,127.550003,129.179993,FB,14485300
10,129.229996,129.229996,2016-09-28,129.470001,128.399994,129.210007,FB,12033700
11,128.690002,128.690002,2016-09-27,129.009995,127.43,127.610001,FB,15564200
12,127.309998,127.309998,2016-09-26,128.160004,126.800003,127.370003,FB,15037500
13,127.959999,127.959999,2016-09-23,128.600006,127.300003,127.559998,FB,28261900
14,130.080002,130.080002,2016-09-22,130.729996,129.559998,130.50,FB,15307700
15,129.940002,129.940002,2016-09-21,130.009995,128.389999,129.130005,FB,13996600
16,128.639999,128.639999,2016-09-20,129.169998,128.029999,128.649994,FB,11066800
17,128.649994,128.649994,2016-09-19,129.940002,128.259995,129.910004,FB,14919800
18,129.070007,129.070007,2016-09-16,129.179993,128.199997,128.199997,FB,23835300
19,128.350006,128.350006,2016-09-15,129.100006,127.669998,127.980003,FB,15077200
20,127.769997,127.769997,2016-09-14,128.800003,126.889999,126.889999,FB,15691100
21,127.209999,127.209999,2016-09-13,128.350006,126.660004,128.029999,FB,17923600
22,128.690002,128.690002,2016-09-12,128.759995,125.75,125.959999,FB,20904700
23,127.099998,127.099998,2016-09-09,129.949997,127.099998,129.710007,FB,26772700
24,130.270004,130.270004,2016-09-08,131.080002,129.809998,130.919998,FB,15553200
25,131.050003,131.050003,2016-09-07,131.979996,129.949997,130.039993,FB,27922500
26,129.729996,129.729996,2016-09-06,129.940002,126.470001,126.669998,FB,26208500
27,126.510002,126.510002,2016-09-02,126.860001,126.00,126.849998,FB,12059700
28,126.169998,126.169998,2016-09-01,126.629997,125.599998,126.379997,FB,13507800
29,126.120003,126.120003,2016-08-31,126.220001,125.099998,125.599998,FB,14157400
30,125.839996,125.839996,2016-08-30,126.599998,125.150002,126.599998,FB,17772000
31,126.540001,126.540001,2016-08-29,126.730003,124.349998,124.349998,FB,15815600
32,124.959999,124.959999,2016-08-26,125.190002,123.910004,124.050003,FB,17434000
33,123.889999,123.889999,2016-08-25,124.370003,123.099998,123.120003,FB,10700900
34,123.480003,123.480003,2016-08-24,124.690002,123.089996,124.470001,FB,12214200
35,124.370003,124.370003,2016-08-23,125.089996,124.25,124.510002,FB,13289400
36,124.150002,124.150002,2016-08-22,124.830002,123.110001,123.330002,FB,14337700
37,123.559998,123.559998,2016-08-19,124.160004,123.279999,123.599998,FB,11570400
38,123.910004,123.910004,2016-08-18,124.260002,123.639999,124.010002,FB,12360000
39,124.370003,124.370003,2016-08-17,124.379997,122.849998,123.660004,FB,13742300
40,123.300003,123.300003,2016-08-16,123.919998,122.779999,123.50,FB,14185900
41,123.900002,123.900002,2016-08-15,124.919998,123.699997,124.910004,FB,19241200
42,124.879997,124.879997,2016-08-12,125.00,124.18,124.699997,FB,12127500
43,124.900002,124.900002,2016-08-11,125.379997,124.75,125.199997,FB,11657500
44,124.879997,124.879997,2016-08-10,125.480003,124.540001,125.07,FB,10634300
45,125.059998,125.059998,2016-08-09,126.089996,124.529999,125.339996,FB,19444300
46,125.260002,125.260002,2016-08-08,125.449997,124.550003,125.25,FB,15233900
47,125.150002,125.150002,2016-08-05,125.839996,124.620003,124.980003,FB,20184000
48,124.360001,124.360001,2016-08-04,124.790001,122.510002,122.940002,FB,21066000
49,122.510002,122.510002,2016-08-03,123.919998,122.309998,123.089996,FB,18525300
50,123.089996,123.089996,2016-08-02,124.800003,122.07,124.059998,FB,23968400
51,124.309998,124.309998,2016-08-01,124.580002,122.860001,123.849998,FB,25006900
52,123.940002,123.940002,2016-07-29,125.839996,123.709999,124.650002,FB,35058800
53,125.00,125.00,2016-07-28,128.330002,123.629997,127.519997,FB,78955800
54,123.339996,123.339996,2016-07-27,125.00,121.510002,122.419998,FB,52654200
55,121.220001,121.220001,2016-07-26,122.07,120.75,122.00,FB,17612000
56,121.629997,121.629997,2016-07-25,121.849998,117.779999,121.389999,FB,18487400
57,121.00,121.00,2016-07-22,121.010002,119.309998,119.900002,FB,18422400
58,120.610001,120.610001,2016-07-21,122.099998,120.25,121.919998,FB,17801700
59,121.919998,121.919998,2016-07-20,122.199997,120.559998,121.25,FB,20046500
60,120.610001,120.610001,2016-07-19,120.849998,118.660004,118.989998,FB,21541300
61,119.370003,119.370003,2016-07-18,119.610001,116.889999,117.32,FB,20868400
62,116.860001,116.860001,2016-07-15,118.279999,116.580002,117.739998,FB,16646000
63,117.290001,117.290001,2016-07-14,117.639999,116.699997,117.50,FB,14579700
64,116.779999,116.779999,2016-07-13,118.400002,116.68,118.389999,FB,16207700
65,117.93,117.93,2016-07-12,118.720001,117.57,118.629997,FB,15217700
66,117.870003,117.870003,2016-07-11,118.699997,117.50,117.709999,FB,17711600
67,117.239998,117.239998,2016-07-08,117.50,115.849998,116.43,FB,18142600
68,115.849998,115.849998,2016-07-07,116.970001,115.360001,116.629997,FB,16630200
69,116.699997,116.699997,2016-07-06,116.790001,112.970001,113.360001,FB,24337600
70,114.199997,114.199997,2016-07-05,114.199997,112.970001,113.940002,FB,14207000
71,114.190002,114.190002,2016-07-01,115.129997,113.809998,114.199997,FB,14980000
72,114.279999,114.279999,2016-06-30,115.18,113.669998,114.669998,FB,23192700
73,114.160004,114.160004,2016-06-29,114.25,113.040001,113.370003,FB,20968300
74,112.699997,112.699997,2016-06-28,112.75,110.550003,110.629997,FB,26813800
75,108.970001,108.970001,2016-06-27,111.57,108.230003,111.57,FB,36130400
76,112.080002,112.080002,2016-06-24,113.68,111.00,111.010002,FB,40643100
77,115.080002,115.080002,2016-06-23,115.089996,113.540001,114.370003,FB,16176900
78,113.910004,113.910004,2016-06-22,114.739998,113.610001,114.650002,FB,14846300
79,114.379997,114.379997,2016-06-21,115.209999,113.970001,114.120003,FB,19166300
80,113.370003,113.370003,2016-06-20,114.720001,112.75,113.769997,FB,20785400
81,113.019997,113.019997,2016-06-17,114.43,112.559998,114.419998,FB,24644300
82,114.389999,114.389999,2016-06-16,114.50,112.940002,113.870003,FB,19236300
83,114.599998,114.599998,2016-06-15,115.440002,114.07,115.300003,FB,19819400
84,114.940002,114.940002,2016-06-14,114.949997,113.580002,114.07,FB,17618500
85,113.949997,113.949997,2016-06-13,115.480003,113.309998,115.00,FB,31718200
86,116.620003,116.620003,2016-06-10,118.110001,116.260002,117.540001,FB,18510800
87,118.559998,118.559998,2016-06-09,118.68,117.709999,118.129997,FB,13859200
88,118.389999,118.389999,2016-06-08,118.599998,117.269997,117.760002,FB,14505600
89,117.760002,117.760002,2016-06-07,119.300003,117.669998,119.239998,FB,17103000
90,118.790001,118.790001,2016-06-06,119.43,118.360001,118.620003,FB,12744700
91,118.470001,118.470001,2016-06-03,118.980003,117.860001,118.980003,FB,14135100
92,118.93,118.93,2016-06-02,119.440002,118.220001,118.690002,FB,13228300
93,118.779999,118.779999,2016-06-01,119.080002,117.82,118.50,FB,15029500
94,118.809998,118.809998,2016-05-31,120.099998,118.120003,119.459999,FB,23547600
95,119.379997,119.379997,2016-05-27,119.849998,119.010002,119.559998,FB,13493600
96,119.470001,119.470001,2016-05-26,119.760002,117.919998,118.239998,FB,18481300
97,117.889999,117.889999,2016-05-25,118.669998,117.379997,118.129997,FB,20019800
98,117.699997,117.699997,2016-05-24,117.730003,116.120003,116.239998,FB,20183600
99,115.970001,115.970001,2016-05-23,117.599998,115.940002,117.419998,FB,20441000
100,117.349998,117.349998,2016-05-20,117.989998,116.949997,116.959999,FB,18944800
101,116.809998,116.809998,2016-05-19,117.489998,115.879997,117.050003,FB,20544100
102,117.650002,117.650002,2016-05-18,118.269997,116.730003,116.800003,FB,21642300
103,117.349998,117.349998,2016-05-17,119.010002,117.199997,118.82,FB,21328600
104,118.669998,118.669998,2016-05-16,119.610001,117.349998,119.379997,FB,31247800
105,119.809998,119.809998,2016-05-13,120.639999,119.68,120.379997,FB,18124300
106,120.279999,120.279999,2016-05-12,120.839996,118.900002,119.980003,FB,22035500
107,119.519997,119.519997,2016-05-11,121.080002,119.419998,120.410004,FB,22038400
108,120.50,120.50,2016-05-10,120.50,119.00,119.620003,FB,23220000
109,119.239998,119.239998,2016-05-09,120.279999,118.900002,119.540001,FB,21138100
110,119.489998,119.489998,2016-05-06,119.639999,117.110001,117.160004,FB,26395600
111,117.809998,117.809998,2016-05-05,118.980003,117.25,118.040001,FB,22056700
112,118.059998,118.059998,2016-05-04,118.300003,116.57,116.610001,FB,23380200
113,117.43,117.43,2016-05-03,118.160004,117.019997,117.519997,FB,24117500
114,118.57,118.57,2016-05-02,118.730003,116.57,117.830002,FB,28095200
115,117.580002,117.580002,2016-04-29,117.839996,115.839996,116.82,FB,37140600
116,116.730003,116.730003,2016-04-28,120.790001,116.230003,119.580002,FB,87110100
117,108.889999,108.889999,2016-04-27,108.940002,106.309998,107.940002,FB,52213100
118,108.760002,108.760002,2016-04-26,110.50,108.150002,110.489998,FB,22521500
119,110.099998,110.099998,2016-04-25,110.669998,109.07,109.870003,FB,21017900
120,110.559998,110.559998,2016-04-22,111.75,109.010002,111.209999,FB,38458200
121,113.440002,113.440002,2016-04-21,114.040001,112.309998,112.550003,FB,20875200
122,112.419998,112.419998,2016-04-20,113.269997,111.559998,112.43,FB,21027900
123,112.290001,112.290001,2016-04-19,112.449997,109.160004,111.099998,FB,30210500
124,110.449997,110.449997,2016-04-18,110.809998,109.199997,109.739998,FB,21167200
125,109.639999,109.639999,2016-04-15,110.970001,109.199997,110.790001,FB,20922800
126,110.839996,110.839996,2016-04-14,112.040001,110.260002,110.620003,FB,28473300
127,110.510002,110.510002,2016-04-13,112.650002,106.519997,112.230003,FB,88227400
128,110.610001,110.610001,2016-04-12,111.160004,108.989998,109.339996,FB,26248100
129,108.989998,108.989998,2016-04-11,110.910004,108.769997,110.699997,FB,39762300
130,110.629997,110.629997,2016-04-08,114.330002,109.900002,114.25,FB,48497800
131,113.639999,113.639999,2016-04-07,114.889999,113.07,113.790001,FB,20714500
132,113.709999,113.709999,2016-04-06,113.809998,112.419998,112.470001,FB,20814600
133,112.220001,112.220001,2016-04-05,113.32,111.900002,112.110001,FB,22962400
134,112.550003,112.550003,2016-04-04,114.550003,111.610001,114.07,FB,48487900
135,116.059998,116.059998,2016-04-01,116.169998,113.349998,113.75,FB,24760500
136,114.099998,114.099998,2016-03-31,115.010002,113.769997,114.699997,FB,21207500
137,114.699997,114.699997,2016-03-30,116.989998,114.360001,116.730003,FB,33235200
138,116.139999,116.139999,2016-03-29,116.32,113.639999,113.830002,FB,29825300
139,113.690002,113.690002,2016-03-28,114.589996,112.949997,113.32,FB,21351800
140,113.050003,113.050003,2016-03-24,113.089996,111.68,112.129997,FB,17839100
141,112.540001,112.540001,2016-03-23,113.190002,112.00,112.010002,FB,18562000
142,112.25,112.25,2016-03-22,112.879997,111.169998,111.360001,FB,19001100
143,111.849998,111.849998,2016-03-21,112.370003,111.029999,111.660004,FB,18448000
144,111.449997,111.449997,2016-03-18,112.419998,110.269997,111.559998,FB,36256900
145,111.019997,111.019997,2016-03-17,112.690002,110.730003,112.150002,FB,24241200
146,112.18,112.18,2016-03-16,112.50,110.099998,110.489998,FB,24744800
147,110.669998,110.669998,2016-03-15,110.830002,108.839996,109.110001,FB,17618500
148,109.889999,109.889999,2016-03-14,110.330002,108.769997,109.279999,FB,17249400
149,109.410004,109.410004,2016-03-11,109.419998,107.919998,108.480003,FB,20697600
150,107.32,107.32,2016-03-10,108.660004,105.769997,107.910004,FB,24854300
151,107.510002,107.510002,2016-03-09,107.510002,105.489998,106.699997,FB,20493300
152,105.93,105.93,2016-03-08,107.370003,104.400002,104.779999,FB,25617000
153,105.730003,105.730003,2016-03-07,108.07,104.720001,108.07,FB,31436400
154,108.389999,108.389999,2016-03-04,110.050003,107.93,110.050003,FB,24938900
155,109.580002,109.580002,2016-03-03,110.300003,108.540001,110.25,FB,21353100
156,109.949997,109.949997,2016-03-02,110.550003,108.769997,109.68,FB,25670200
157,109.82,109.82,2016-03-01,109.82,107.599998,107.830002,FB,26817300
158,106.919998,106.919998,2016-02-29,108.910004,106.75,107.599998,FB,32779000
159,107.919998,107.919998,2016-02-26,109.449997,107.160004,108.699997,FB,26686200
160,108.07,108.07,2016-02-25,108.07,105.610001,107.110001,FB,29906300
161,106.879997,106.879997,2016-02-24,106.949997,102.739998,104.209999,FB,34412400
162,105.459999,105.459999,2016-02-23,107.470001,105.120003,106.849998,FB,25319300
163,107.160004,107.160004,2016-02-22,108.25,105.339996,105.489998,FB,35709700
164,104.57,104.57,2016-02-19,105.019997,102.059998,102.550003,FB,32404500
165,103.470001,103.470001,2016-02-18,106.00,103.029999,105.800003,FB,29593500
166,105.199997,105.199997,2016-02-17,105.720001,100.400002,102.019997,FB,44073400
167,101.610001,101.610001,2016-02-16,103.93,100.239998,103.800003,FB,45687200
168,102.010002,102.010002,2016-02-12,104.239998,101.089996,103.739998,FB,36176800
169,101.910004,101.910004,2016-02-11,105.110001,98.879997,99.599998,FB,43670600
170,101.00,101.00,2016-02-10,103.25,100.239998,101.550003,FB,45179400
171,99.540001,99.540001,2016-02-09,102.400002,96.82,97.139999,FB,62709000
172,99.75,99.75,2016-02-08,102.68,97.459999,100.410004,FB,71229700
173,104.07,104.07,2016-02-05,109.580002,103.18,109.510002,FB,76894700
174,110.489998,110.489998,2016-02-04,111.940002,109.25,111.800003,FB,38890200
175,112.690002,112.690002,2016-02-03,115.339996,109.75,115.269997,FB,56919300
176,114.610001,114.610001,2016-02-02,117.589996,113.199997,114.800003,FB,59778600
177,115.089996,115.089996,2016-02-01,115.720001,112.010002,112.269997,FB,46132700
178,112.209999,112.209999,2016-01-29,112.839996,108.839996,108.989998,FB,62739500
179,109.110001,109.110001,2016-01-28,110.339996,104.809998,107.199997,FB,107475300
180,94.449997,94.449997,2016-01-27,97.849998,94.230003,97.790001,FB,58699400
181,97.339996,97.339996,2016-01-26,97.879997,95.660004,97.760002,FB,26877100
182,97.010002,97.010002,2016-01-25,99.480003,96.93,98.720001,FB,32482000
183,97.940002,97.940002,2016-01-22,98.07,95.489998,96.410004,FB,30495400
184,94.160004,94.160004,2016-01-21,95.989998,92.620003,94.910004,FB,30518900
185,94.349998,94.349998,2016-01-20,95.00,89.370003,92.830002,FB,59051400
186,95.260002,95.260002,2016-01-19,97.419998,93.919998,96.529999,FB,30998300
187,94.970001,94.970001,2016-01-15,96.379997,93.540001,93.980003,FB,46132800
188,98.370003,98.370003,2016-01-14,98.870003,92.449997,95.849998,FB,48658600
189,95.440002,95.440002,2016-01-13,100.580002,95.209999,100.580002,FB,33410600
190,99.370003,99.370003,2016-01-12,99.959999,97.550003,99.00,FB,28395400
191,97.510002,97.510002,2016-01-11,98.599998,95.389999,97.910004,FB,29932400
192,97.330002,97.330002,2016-01-08,100.50,97.029999,99.879997,FB,35402300
193,97.919998,97.919998,2016-01-07,101.43,97.300003,100.50,FB,45172900
194,102.970001,102.970001,2016-01-06,103.769997,100.900002,101.129997,FB,25096200
195,102.730003,102.730003,2016-01-05,103.709999,101.669998,102.889999,FB,23258200
196,102.220001,102.220001,2016-01-04,102.239998,99.75,101.949997,FB,37912400
197,104.660004,104.660004,2015-12-31,106.169998,104.620003,106.00,FB,18391100
198,106.220001,106.220001,2015-12-30,107.25,106.059998,107.00,FB,13115000
199,107.260002,107.260002,2015-12-29,107.739998,106.25,106.419998,FB,17179900
200,105.93,105.93,2015-12-28,105.980003,104.529999,105.019997,FB,13069700
201,105.019997,105.019997,2015-12-24,105.32,104.50,104.739998,FB,6512100
202,104.629997,104.629997,2015-12-23,106.110001,103.860001,105.889999,FB,19599700
203,105.510002,105.510002,2015-12-22,105.660004,104.809998,105.220001,FB,14597100
204,104.769997,104.769997,2015-12-21,105.150002,103.599998,104.910004,FB,16138800
205,104.040001,104.040001,2015-12-18,106.589996,103.970001,106.080002,FB,35994200
206,106.220001,106.220001,2015-12-17,107.75,106.129997,107.489998,FB,21675700
207,106.790001,106.790001,2015-12-16,107.089996,104.190002,105.370003,FB,22680500
208,104.550003,104.550003,2015-12-15,105.800003,104.279999,105.300003,FB,21764300
209,104.660004,104.660004,2015-12-14,104.739998,101.459999,102.290001,FB,24648100
210,102.120003,102.120003,2015-12-11,104.339996,101.910004,104.150002,FB,26427700
211,105.419998,105.419998,2015-12-10,106.400002,104.410004,105.050003,FB,17454300
212,104.599998,104.599998,2015-12-09,106.440002,103.550003,106.18,FB,23517300
213,106.489998,106.489998,2015-12-08,106.910004,103.949997,104.00,FB,20401800
214,105.610001,105.610001,2015-12-07,106.830002,104.660004,106.480003,FB,15474900
215,106.18,106.18,2015-12-04,107.730003,104.110001,104.809998,FB,21224700
216,104.379997,104.379997,2015-12-03,106.849998,103.349998,106.269997,FB,23236500
217,106.07,106.07,2015-12-02,107.919998,105.790001,107.00,FB,24429100
218,107.120003,107.120003,2015-12-01,107.150002,104.50,104.830002,FB,22781900
219,104.239998,104.239998,2015-11-30,106.099998,103.75,105.839996,FB,20383200
220,105.449997,105.449997,2015-11-27,105.959999,104.860001,105.779999,FB,5913100
221,105.410004,105.410004,2015-11-25,106.599998,105.099998,106.330002,FB,15150800
222,105.739998,105.739998,2015-11-24,106.489998,104.389999,106.00,FB,23577300
223,106.949997,106.949997,2015-11-23,107.470001,106.080002,107.190002,FB,19897200
224,107.32,107.32,2015-11-20,107.870003,106.620003,106.839996,FB,22129600
225,106.260002,106.260002,2015-11-19,107.730003,105.949997,107.360001,FB,25520600
226,107.769997,107.769997,2015-11-18,107.879997,105.389999,105.800003,FB,23836500
227,105.129997,105.129997,2015-11-17,106.199997,104.139999,104.620003,FB,26807200
228,104.040001,104.040001,2015-11-16,104.169998,100.470001,103.32,FB,49309200
229,103.949997,103.949997,2015-11-13,108.25,103.830002,107.709999,FB,30278400
230,108.019997,108.019997,2015-11-12,109.389999,108.00,108.480003,FB,20924700
231,109.010002,109.010002,2015-11-11,109.870003,107.110001,108.269997,FB,25057100
232,107.910004,107.910004,2015-11-10,108.150002,105.239998,105.959999,FB,25031700
233,106.489998,106.489998,2015-11-09,108.25,105.860001,107.00,FB,26383500
234,107.099998,107.099998,2015-11-06,108.739998,105.910004,108.040001,FB,35084300
235,108.760002,108.760002,2015-11-05,110.650002,107.949997,108.800003,FB,63232900
236,103.940002,103.940002,2015-11-04,104.139999,102.480003,103.190002,FB,43469300
237,102.580002,102.580002,2015-11-03,103.650002,102.400002,103.220001,FB,21242300
238,103.309998,103.309998,2015-11-02,103.470001,101.18,101.720001,FB,24003900
239,101.970001,101.970001,2015-10-30,104.720001,101.650002,104.510002,FB,33487100
240,104.879997,104.879997,2015-10-29,105.120003,103.519997,103.959999,FB,20316700
241,104.199997,104.199997,2015-10-28,104.480003,102.919998,103.900002,FB,24081500
242,103.699997,103.699997,2015-10-27,104.099998,102.400002,102.940002,FB,23795500
243,103.769997,103.769997,2015-10-26,103.809998,101.550003,102.199997,FB,25961200
244,102.190002,102.190002,2015-10-23,102.849998,100.160004,101.910004,FB,42809700
245,99.669998,99.669998,2015-10-22,99.730003,97.550003,97.790001,FB,26392100
246,97.110001,97.110001,2015-10-21,98.18,96.470001,97.370003,FB,21917800
247,97.00,97.00,2015-10-20,99.589996,96.559998,98.730003,FB,30881800
248,98.470001,98.470001,2015-10-19,98.57,96.919998,97.18,FB,23729900
249,97.540001,97.540001,2015-10-16,97.589996,95.349998,96.18,FB,25412900
250,95.959999,95.959999,2015-10-15,96.300003,94.900002,94.989998,FB,27557500
251,94.07,94.07,2015-10-14,95.199997,93.610001,94.080002,FB,19253400
252,94.120003,94.120003,2015-10-13,95.370003,93.550003,93.660004,FB,19480300
253,94.260002,94.260002,2015-10-12,94.599998,92.669998,93.32,FB,18449600
254,93.239998,93.239998,2015-10-09,93.739998,92.239998,92.900002,FB,20012900
255,92.470001,92.470001,2015-10-08,93.220001,90.470001,91.889999,FB,27290500
256,92.400002,92.400002,2015-10-07,93.660004,91.370003,93.110001,FB,24129300
257,92.800003,92.800003,2015-10-06,94.169998,92.339996,94.080002,FB,22488300
258,94.010002,94.010002,2015-10-05,94.269997,92.660004,92.940002,FB,27292500
259,92.07,92.07,2015-10-02,92.199997,88.370003,88.900002,FB,37881700
260,90.949997,90.949997,2015-10-01,90.949997,88.360001,90.050003,FB,29283700
261,89.900002,89.900002,2015-09-30,90.019997,88.010002,88.440002,FB,36169100
262,86.669998,86.669998,2015-09-29,90.059998,85.720001,89.099998,FB,42281800
263,89.209999,89.209999,2015-09-28,92.290001,88.18,92.080002,FB,41199900
264,92.769997,92.769997,2015-09-25,95.849998,92.059998,95.790001,FB,28961600
265,94.410004,94.410004,2015-09-24,94.769997,92.239998,93.059998,FB,29106000
266,93.970001,93.970001,2015-09-23,94.32,92.800003,93.400002,FB,21701400
267,92.959999,92.959999,2015-09-22,94.68,91.919998,93.769997,FB,36888900
268,95.550003,95.550003,2015-09-21,96.489998,94.519997,94.620003,FB,28790000
269,94.400002,94.400002,2015-09-18,95.190002,93.050003,93.199997,FB,62300000
270,94.339996,94.339996,2015-09-17,95.510002,92.900002,93.370003,FB,27841800
271,93.449997,93.449997,2015-09-16,93.599998,92.629997,92.900002,FB,16321200
272,92.900002,92.900002,2015-09-15,93.25,91.790001,92.370003,FB,18859400
273,92.309998,92.309998,2015-09-14,92.620003,91.599998,92.309998,FB,20127900
274,92.050003,92.050003,2015-09-11,92.080002,91.129997,91.68,FB,21185000
275,91.980003,91.980003,2015-09-10,92.059998,89.629997,90.07,FB,26437400
276,90.440002,90.440002,2015-09-09,91.980003,90.169998,90.779999,FB,32551100
277,89.529999,89.529999,2015-09-08,90.239998,88.830002,89.690002,FB,27012500
278,88.260002,88.260002,2015-09-04,88.389999,86.699997,87.199997,FB,27328700
279,88.150002,88.150002,2015-09-03,89.82,87.730003,89.760002,FB,27048200
280,89.889999,89.889999,2015-09-02,89.889999,87.629997,88.809998,FB,27190500
281,87.230003,87.230003,2015-09-01,89.389999,86.50,86.849998,FB,36097400
282,89.43,89.43,2015-08-31,91.050003,88.889999,90.599998,FB,32850700
283,91.010002,91.010002,2015-08-28,91.480003,89.790001,89.879997,FB,33215900
284,89.730003,89.730003,2015-08-27,90.059998,87.190002,89.099998,FB,42431400
285,87.190002,87.190002,2015-08-26,87.459999,83.260002,85.949997,FB,45124300
286,83.00,83.00,2015-08-25,87.669998,83.00,86.949997,FB,52021200
287,82.089996,82.089996,2015-08-24,82.089996,72.00,77.029999,FB,83710700
288,86.059998,86.059998,2015-08-21,89.18,85.610001,87.519997,FB,62778700
289,90.559998,90.559998,2015-08-20,94.769997,90.459999,93.540001,FB,44598200
290,95.309998,95.309998,2015-08-19,96.099998,94.160004,94.629997,FB,23251300
291,95.169998,95.169998,2015-08-18,95.849998,94.040001,94.080002,FB,22278800
292,93.93,93.93,2015-08-17,94.459999,93.389999,94.419998,FB,18313500
293,94.419998,94.419998,2015-08-14,94.720001,93.209999,93.540001,FB,15929700
294,93.43,93.43,2015-08-13,94.730003,93.349998,94.050003,FB,17451800
295,94.190002,94.190002,2015-08-12,94.440002,91.190002,92.699997,FB,27050500
296,93.620003,93.620003,2015-08-11,94.760002,92.900002,93.730003,FB,22491000
297,94.150002,94.150002,2015-08-10,95.900002,93.629997,95.68,FB,21624200
298,94.300003,94.300003,2015-08-07,95.400002,93.610001,95.379997,FB,23199100
299,95.120003,95.120003,2015-08-06,98.739998,94.419998,97.18,FB,42271300
300,96.440002,96.440002,2015-08-05,97.089996,95.18,95.25,FB,29813200
301,94.059998,94.059998,2015-08-04,94.730003,93.330002,93.790001,FB,20136000
302,94.139999,94.139999,2015-08-03,95.080002,92.800003,93.529999,FB,29343100
303,94.010002,94.010002,2015-07-31,96.330002,93.949997,94.949997,FB,46509000
304,95.209999,95.209999,2015-07-30,95.809998,91.800003,94.910004,FB,86211300
305,96.989998,96.989998,2015-07-29,97.279999,94.739998,96.32,FB,64648300
306,95.290001,95.290001,2015-07-28,95.559998,93.309998,94.839996,FB,35236000
307,94.169998,94.169998,2015-07-27,96.610001,93.830002,96.580002,FB,38585400
308,96.949997,96.949997,2015-07-24,97.760002,95.879997,97.349998,FB,33444900
309,95.440002,95.440002,2015-07-23,97.449997,94.809998,96.959999,FB,29418800
310,97.040001,97.040001,2015-07-22,97.580002,95.919998,96.739998,FB,28299500
311,98.389999,98.389999,2015-07-21,99.239998,97.139999,98.949997,FB,39453300
312,97.910004,97.910004,2015-07-20,98.599998,95.360001,95.849998,FB,54860500
313,94.970001,94.970001,2015-07-17,95.389999,92.540001,92.550003,FB,54001600
314,90.849998,90.849998,2015-07-16,90.860001,89.769997,90.279999,FB,21804100
315,89.760002,89.760002,2015-07-15,90.989998,89.419998,90.00,FB,30886600
316,89.68,89.68,2015-07-14,90.800003,89.650002,90.459999,FB,26627800
317,90.099998,90.099998,2015-07-13,90.220001,88.419998,88.660004,FB,29976700
318,87.949997,87.949997,2015-07-10,88.220001,86.769997,87.349998,FB,23245900
319,85.879997,85.879997,2015-07-09,87.599998,85.650002,86.730003,FB,23307400
320,85.650002,85.650002,2015-07-08,86.75,85.449997,86.290001,FB,24399300
321,87.220001,87.220001,2015-07-07,87.849998,85.230003,87.800003,FB,33059900
322,87.550003,87.550003,2015-07-06,88.190002,86.389999,86.489998,FB,24635900
323,87.290001,87.290001,2015-07-02,87.440002,86.339996,87.400002,FB,16908800
324,86.910004,86.910004,2015-07-01,87.949997,86.489998,86.769997,FB,25260000
325,85.769997,85.769997,2015-06-30,86.699997,85.57,86.599998,FB,23233200
326,85.800003,85.800003,2015-06-29,87.50,85.730003,86.610001,FB,35957900
327,88.010002,88.010002,2015-06-26,88.339996,86.830002,88.120003,FB,38214600
328,87.980003,87.980003,2015-06-25,89.400002,87.839996,89.260002,FB,27302000
329,88.860001,88.860001,2015-06-24,89.25,87.449997,87.660004,FB,41370200
330,87.879997,87.879997,2015-06-23,87.970001,84.760002,84.959999,FB,50667900
331,84.739998,84.739998,2015-06-22,84.970001,83.309998,83.410004,FB,29383100
332,82.510002,82.510002,2015-06-19,82.980003,82.120003,82.830002,FB,23353200
333,82.910004,82.910004,2015-06-18,83.190002,81.57,81.639999,FB,26782600
334,81.790001,81.790001,2015-06-17,82.220001,81.339996,81.760002,FB,18350300
335,81.059998,81.059998,2015-06-16,81.510002,80.449997,80.82,FB,13693700
336,80.709999,80.709999,2015-06-15,80.93,80.07,80.550003,FB,18805100
337,81.529999,81.529999,2015-06-12,82.089996,81.199997,81.370003,FB,11417900
338,81.830002,81.830002,2015-06-11,82.900002,81.360001,82.309998,FB,18656800
339,82.160004,82.160004,2015-06-10,82.599998,80.809998,80.830002,FB,21531200
340,80.669998,80.669998,2015-06-09,81.190002,79.32,80.599998,FB,16497500
341,80.669998,80.669998,2015-06-08,82.00,80.129997,81.82,FB,16915500
342,82.139999,82.139999,2015-06-05,82.459999,81.510002,81.870003,FB,16143100
343,82.050003,82.050003,2015-06-04,82.949997,81.510002,82.139999,FB,20863900
344,82.440002,82.440002,2015-06-03,82.529999,81.25,81.349998,FB,31775000
345,80.440002,80.440002,2015-06-02,81.349998,79.559998,79.760002,FB,18923300
346,80.290001,80.290001,2015-06-01,80.379997,78.660004,79.300003,FB,18119000
347,79.190002,79.190002,2015-05-29,80.07,78.879997,79.949997,FB,16134600
348,80.150002,80.150002,2015-05-28,81.07,80.00,80.25,FB,11982000
349,80.550003,80.550003,2015-05-27,80.660004,79.43,79.599998,FB,14160900
350,79.330002,79.330002,2015-05-26,80.599998,79.080002,80.43,FB,16321300
351,80.540001,80.540001,2015-05-22,81.309998,80.25,80.349998,FB,19567900
352,80.480003,80.480003,2015-05-21,80.919998,80.080002,80.190002,FB,13402700
353,80.550003,80.550003,2015-05-20,81.099998,79.459999,80.470001,FB,23056900
354,80.629997,80.629997,2015-05-19,81.690002,80.550003,81.25,FB,17955400
355,80.879997,80.879997,2015-05-18,81.379997,80.230003,80.330002,FB,21613700
356,80.419998,80.419998,2015-05-15,81.519997,80.18,81.410004,FB,27069900
357,81.370003,81.370003,2015-05-14,81.849998,78.669998,78.940002,FB,49438000
358,78.440002,78.440002,2015-05-13,78.529999,77.650002,77.720001,FB,21512300
359,77.459999,77.459999,2015-05-12,77.889999,76.790001,77.870003,FB,21285300
360,78.010002,78.010002,2015-05-11,79.029999,77.93,78.480003,FB,18874100
361,78.510002,78.510002,2015-05-08,79.230003,78.029999,79.099998,FB,19943600
362,78.43,78.43,2015-05-07,78.940002,77.559998,78.00,FB,19749400
363,78.099998,78.099998,2015-05-06,78.809998,77.050003,77.970001,FB,28663000
364,77.559998,77.559998,2015-05-05,78.800003,77.220001,78.550003,FB,22311300
365,78.809998,78.809998,2015-05-04,79.690002,78.629997,79.330002,FB,14692000
366,78.989998,78.989998,2015-05-01,79.760002,78.110001,79.239998,FB,24136400
367,78.769997,78.769997,2015-04-30,80.959999,78.32,80.010002,FB,28999000
368,80.470001,80.470001,2015-04-29,81.389999,79.519997,80.010002,FB,26430300
369,80.68,80.68,2015-04-28,81.900002,80.230003,81.830002,FB,23775300
370,81.910004,81.910004,2015-04-27,82.93,81.629997,81.870003,FB,25446000
371,81.529999,81.529999,2015-04-24,82.940002,81.480003,82.769997,FB,29660400
372,82.410004,82.410004,2015-04-23,85.589996,82.410004,84.099998,FB,73728100
373,84.629997,84.629997,2015-04-22,84.739998,83.650002,84.32,FB,45548000
374,83.620003,83.620003,2015-04-21,84.489998,83.540001,84.00,FB,27171900
375,83.089996,83.089996,2015-04-20,83.150002,81.239998,81.540001,FB,28796800
376,80.779999,80.779999,2015-04-17,82.110001,80.370003,81.480003,FB,24076300
377,82.309998,82.309998,2015-04-16,83.07,82.150002,82.470001,FB,13769700
378,82.709999,82.709999,2015-04-15,83.660004,82.269997,83.550003,FB,22390900
379,83.519997,83.519997,2015-04-14,83.690002,82.440002,83.169998,FB,19634200
380,83.010002,83.010002,2015-04-13,83.940002,81.919998,81.93,FB,26883100
381,82.040001,82.040001,2015-04-10,82.610001,81.910004,82.209999,FB,12529700
382,82.169998,82.169998,2015-04-09,82.800003,81.709999,82.50,FB,15927300
383,82.279999,82.279999,2015-04-08,83.099998,81.839996,82.629997,FB,18966700
384,82.32,82.32,2015-04-07,83.419998,82.220001,82.650002,FB,17467000
385,82.440002,82.440002,2015-04-06,82.809998,80.800003,80.800003,FB,19062900
386,81.559998,81.559998,2015-04-02,82.559998,81.440002,82.25,FB,19664100
387,81.669998,81.669998,2015-04-01,82.720001,80.870003,82.50,FB,22058200
388,82.220001,82.220001,2015-03-31,83.50,82.209999,82.900002,FB,19734300
389,83.199997,83.199997,2015-03-30,84.339996,82.410004,83.809998,FB,24527700
390,83.300003,83.300003,2015-03-27,83.949997,82.879997,83.379997,FB,18372600
391,83.010002,83.010002,2015-03-26,83.769997,82.139999,82.720001,FB,32794800
392,82.919998,82.919998,2015-03-25,85.519997,82.919998,85.50,FB,37436100
393,85.309998,85.309998,2015-03-24,86.07,84.519997,84.709999,FB,32576500
394,84.43,84.43,2015-03-23,84.959999,83.300003,83.919998,FB,27357300
395,83.800003,83.800003,2015-03-20,84.599998,83.07,83.389999,FB,44466300
396,82.75,82.75,2015-03-19,83.00,81.00,81.120003,FB,42099500
397,80.910004,80.910004,2015-03-18,81.239998,79.169998,79.25,FB,36912400
398,79.360001,79.360001,2015-03-17,79.779999,78.339996,78.360001,FB,22170000
399,78.07,78.07,2015-03-16,78.120003,77.360001,77.959999,FB,19305400
400,78.050003,78.050003,2015-03-13,79.379997,77.68,78.599998,FB,18557300
401,78.93,78.93,2015-03-12,79.050003,77.910004,78.099998,FB,16093300
402,77.57,77.57,2015-03-11,78.43,77.260002,77.800003,FB,20215700
403,77.550003,77.550003,2015-03-10,79.260002,77.550003,78.50,FB,23067100
404,79.440002,79.440002,2015-03-09,79.910004,78.629997,79.68,FB,18925100
405,80.010002,80.010002,2015-03-06,81.330002,79.830002,80.900002,FB,24488600
406,81.209999,81.209999,2015-03-05,81.989998,81.050003,81.230003,FB,27825700
407,80.900002,80.900002,2015-03-04,81.150002,78.849998,79.300003,FB,28126700
408,79.599998,79.599998,2015-03-03,79.699997,78.519997,79.610001,FB,18635000
409,79.75,79.75,2015-03-02,79.860001,78.519997,79.00,FB,21662500
410,78.970001,78.970001,2015-02-27,81.230003,78.620003,80.68,FB,30739200
411,80.410004,80.410004,2015-02-26,81.370003,79.720001,79.879997,FB,31111900
412,79.559998,79.559998,2015-02-25,80.199997,78.50,78.50,FB,25593800
413,78.449997,78.449997,2015-02-24,79.480003,78.099998,78.50,FB,18897100
414,78.839996,78.839996,2015-02-23,80.190002,78.379997,79.959999,FB,24139100
415,79.900002,79.900002,2015-02-20,80.339996,79.199997,79.550003,FB,36931700
416,79.419998,79.419998,2015-02-19,79.839996,76.949997,76.989998,FB,45851200
417,76.709999,76.709999,2015-02-18,76.900002,75.449997,75.940002,FB,22426400
418,75.599998,75.599998,2015-02-17,76.910004,75.080002,75.300003,FB,25254400
419,75.739998,75.739998,2015-02-13,76.480003,75.50,76.459999,FB,18621900
420,76.230003,76.230003,2015-02-12,76.870003,75.889999,76.860001,FB,17235000
421,76.510002,76.510002,2015-02-11,76.75,75.029999,75.089996,FB,20877400
422,75.190002,75.190002,2015-02-10,75.339996,74.50,74.849998,FB,15811300
423,74.440002,74.440002,2015-02-09,74.830002,73.449997,74.050003,FB,16194300
424,74.470001,74.470001,2015-02-06,75.699997,74.25,75.68,FB,20989300
425,75.610001,75.610001,2015-02-05,75.980003,75.209999,75.709999,FB,15062600
426,75.629997,75.629997,2015-02-04,76.349998,75.010002,75.089996,FB,20277400
427,75.400002,75.400002,2015-02-03,75.580002,73.860001,75.190002,FB,26957700
428,74.989998,74.989998,2015-02-02,76.139999,73.75,76.110001,FB,41955300
429,75.910004,75.910004,2015-01-30,78.160004,75.75,78.00,FB,42649500
430,78.00,78.00,2015-01-29,78.019997,74.209999,76.849998,FB,61293500
431,76.239998,76.239998,2015-01-28,77.639999,76.00,76.900002,FB,53306400
432,75.779999,75.779999,2015-01-27,76.879997,75.629997,76.709999,FB,20110000
433,77.50,77.50,2015-01-26,78.470001,77.290001,77.980003,FB,19260800
434,77.830002,77.830002,2015-01-23,78.190002,77.040001,77.650002,FB,16746500
435,77.650002,77.650002,2015-01-22,77.75,76.68,77.169998,FB,19519500
436,76.739998,76.739998,2015-01-21,77.300003,75.849998,76.160004,FB,25096700
437,76.239998,76.239998,2015-01-20,76.309998,74.82,75.720001,FB,22821600
438,75.18,75.18,2015-01-16,75.32,73.839996,74.040001,FB,21791500
439,74.050003,74.050003,2015-01-15,76.57,73.540001,76.400002,FB,34134000
440,76.279999,76.279999,2015-01-14,77.199997,76.029999,76.419998,FB,25918600
441,76.449997,76.449997,2015-01-13,78.080002,75.849998,77.230003,FB,25179600
442,76.720001,76.720001,2015-01-12,78.00,76.209999,77.839996,FB,19190200
443,77.739998,77.739998,2015-01-09,78.620003,77.199997,78.199997,FB,21157000
444,78.18,78.18,2015-01-08,78.230003,76.080002,76.739998,FB,23961000
445,76.150002,76.150002,2015-01-07,77.360001,75.82,76.760002,FB,22045300
446,76.150002,76.150002,2015-01-06,77.589996,75.360001,77.230003,FB,27399300
447,77.190002,77.190002,2015-01-05,79.25,76.860001,77.980003,FB,26452200
448,78.449997,78.449997,2015-01-02,78.93,77.699997,78.580002,FB,18177500
449,78.019997,78.019997,2014-12-31,79.800003,77.860001,79.540001,FB,20040400
450,79.220001,79.220001,2014-12-30,80.589996,79.099998,79.849998,FB,14370800
451,80.019997,80.019997,2014-12-29,80.959999,79.709999,80.489998,FB,14134700
452,80.779999,80.779999,2014-12-26,81.279999,80.510002,81.019997,FB,10647400
453,80.769997,80.769997,2014-12-24,81.43,80.75,81.029999,FB,7685500
454,80.610001,80.610001,2014-12-23,82.169998,80.400002,82.019997,FB,19865800
455,81.449997,81.449997,2014-12-22,81.889999,80.00,80.080002,FB,31395800
456,79.879997,79.879997,2014-12-19,80.00,78.330002,78.75,FB,43335000
457,78.400002,78.400002,2014-12-18,78.400002,76.510002,76.889999,FB,34222100
458,76.110001,76.110001,2014-12-17,76.410004,74.900002,75.010002,FB,29203900
459,74.690002,74.690002,2014-12-16,77.389999,74.589996,76.190002,FB,31554600
460,76.989998,76.989998,2014-12-15,78.580002,76.559998,78.459999,FB,29396500
461,77.830002,77.830002,2014-12-12,78.879997,77.019997,77.160004,FB,28091600
462,77.730003,77.730003,2014-12-11,78.519997,76.480003,76.519997,FB,33462100
463,76.18,76.18,2014-12-10,77.550003,76.07,76.650002,FB,32210500
464,76.839996,76.839996,2014-12-09,76.93,74.779999,75.199997,FB,25358600
465,76.519997,76.519997,2014-12-08,77.25,75.400002,76.18,FB,25733900
466,76.360001,76.360001,2014-12-05,76.760002,75.360001,75.800003,FB,24306400
467,75.239998,75.239998,2014-12-04,75.550003,74.660004,74.830002,FB,14362800
468,74.879997,74.879997,2014-12-03,75.730003,74.400002,75.379997,FB,16689900
469,75.459999,75.459999,2014-12-02,75.910004,75.040001,75.330002,FB,16724600
470,75.099998,75.099998,2014-12-01,77.309998,74.800003,77.260002,FB,31789900
471,77.699997,77.699997,2014-11-28,78.269997,77.230003,77.669998,FB,15992000
472,77.620003,77.620003,2014-11-26,77.779999,75.510002,75.529999,FB,32695300
473,75.629997,75.629997,2014-11-25,75.739998,74.129997,74.209999,FB,32250200
474,74.010002,74.010002,2014-11-24,74.349998,73.349998,73.540001,FB,22103800
475,73.75,73.75,2014-11-21,74.50,73.50,74.50,FB,23055400
476,73.599998,73.599998,2014-11-20,73.989998,72.510002,72.800003,FB,19154900
477,73.330002,73.330002,2014-11-19,74.540001,73.110001,74.010002,FB,25441200
478,74.339996,74.339996,2014-11-18,74.800003,73.900002,74.449997,FB,20690500
479,74.239998,74.239998,2014-11-17,75.660004,73.879997,74.879997,FB,28701200
480,74.879997,74.879997,2014-11-14,74.93,74.040001,74.269997,FB,19476900
481,74.25,74.25,2014-11-13,75.239998,73.639999,74.739998,FB,26448500
482,74.720001,74.720001,2014-11-12,75.139999,73.540001,74.279999,FB,26536600
483,74.610001,74.610001,2014-11-11,74.980003,74.029999,74.949997,FB,18715700
484,75.00,75.00,2014-11-10,75.480003,74.610001,75.360001,FB,21575100
485,75.599998,75.599998,2014-11-07,75.860001,75.019997,75.389999,FB,20774000
486,75.260002,75.260002,2014-11-06,75.599998,74.309998,74.889999,FB,21383000
487,74.830002,74.830002,2014-11-05,76.800003,74.419998,76.510002,FB,35913000
488,75.760002,75.760002,2014-11-04,75.769997,73.650002,74.230003,FB,39326000
489,73.879997,73.879997,2014-11-03,75.519997,73.699997,75.470001,FB,40727000
490,74.989998,74.989998,2014-10-31,75.699997,74.449997,74.93,FB,44544000
491,74.110001,74.110001,2014-10-30,75.349998,72.900002,75.050003,FB,83270000
492,75.860001,75.860001,2014-10-29,76.879997,74.779999,75.449997,FB,106120000
493,80.769997,80.769997,2014-10-28,81.160004,79.57,80.18,FB,71343100
494,80.279999,80.279999,2014-10-27,80.800003,79.760002,80.739998,FB,30169000
495,80.669998,80.669998,2014-10-24,80.82,79.32,80.199997,FB,32248000
496,80.040001,80.040001,2014-10-23,80.629997,79.010002,79.379997,FB,35056000
497,78.370003,78.370003,2014-10-22,79.849998,78.010002,78.82,FB,41808900
498,78.690002,78.690002,2014-10-21,78.739998,77.150002,77.559998,FB,32252000
499,76.949997,76.949997,2014-10-20,77.089996,75.379997,75.599998,FB,34701000
500,75.949997,75.949997,2014-10-17,76.00,73.75,74.230003,FB,76342000
501,72.629997,72.629997,2014-10-16,73.349998,70.580002,70.790001,FB,53529000
502,73.209999,73.209999,2014-10-15,73.800003,70.32,71.690002,FB,61528000
503,73.589996,73.589996,2014-10-14,74.18,72.050003,74.00,FB,50299000
504,72.989998,72.989998,2014-10-13,74.779999,72.519997,73.230003,FB,43938000
505,72.910004,72.910004,2014-10-10,76.50,72.760002,75.589996,FB,52146000
506,75.910004,75.910004,2014-10-09,77.760002,75.849998,77.279999,FB,32487000
507,77.519997,77.519997,2014-10-08,77.709999,75.099998,76.18,FB,32976000
508,76.290001,76.290001,2014-10-07,77.949997,76.239998,77.050003,FB,25317000
509,77.559998,77.559998,2014-10-06,77.889999,76.849998,77.190002,FB,25729000
510,77.440002,77.440002,2014-10-03,78.059998,77.260002,77.760002,FB,23340000
511,77.080002,77.080002,2014-10-02,77.480003,75.639999,76.57,FB,36488000
512,76.550003,76.550003,2014-10-01,78.82,75.900002,78.779999,FB,55090000
513,79.040001,79.040001,2014-09-30,79.709999,78.599998,79.349998,FB,35899000
514,79.00,79.00,2014-09-29,79.199997,77.910004,78.120003,FB,34031000
515,78.790001,78.790001,2014-09-26,78.839996,77.330002,77.589996,FB,28872000
516,77.220001,77.220001,2014-09-25,78.940002,77.129997,78.599998,FB,37533000
517,78.540001,78.540001,2014-09-24,78.620003,77.510002,78.099998,FB,30680000
518,78.290001,78.290001,2014-09-23,78.629997,76.040001,76.330002,FB,36814000
519,76.800003,76.800003,2014-09-22,77.529999,75.949997,77.00,FB,31961000
520,77.910004,77.910004,2014-09-19,78.300003,76.440002,77.400002,FB,76671000
521,77.00,77.00,2014-09-18,77.330002,76.519997,76.769997,FB,23031000
522,76.43,76.43,2014-09-17,77.25,75.57,75.959999,FB,28693000
523,76.080002,76.080002,2014-09-16,76.230003,73.07,73.519997,FB,37742000
524,74.580002,74.580002,2014-09-15,77.25,73.43,77.150002,FB,49679000
525,77.480003,77.480003,2014-09-12,78.300003,77.099998,78.019997,FB,26744000
526,77.919998,77.919998,2014-09-11,78.360001,77.050003,77.129997,FB,32219000
527,77.43,77.43,2014-09-10,77.949997,76.510002,76.519997,FB,29909000
528,76.669998,76.669998,2014-09-09,78.169998,76.199997,77.589996,FB,28882000
529,77.889999,77.889999,2014-09-08,78.169998,77.010002,77.260002,FB,28183000
530,77.260002,77.260002,2014-09-05,77.379997,75.599998,76.099998,FB,29476000
531,75.949997,75.949997,2014-09-04,76.93,75.529999,75.889999,FB,26676000
532,75.830002,75.830002,2014-09-03,77.480003,75.599998,77.139999,FB,32389000
533,76.68,76.68,2014-09-02,76.699997,74.82,75.010002,FB,34979000
534,74.82,74.82,2014-08-29,74.82,74.010002,74.300003,FB,26241000
535,73.860001,73.860001,2014-08-28,74.43,73.730003,74.00,FB,21947000
536,74.629997,74.629997,2014-08-27,75.489998,74.459999,75.269997,FB,36323000
537,75.959999,75.959999,2014-08-26,75.989998,74.730003,75.00,FB,23993000
538,75.019997,75.019997,2014-08-25,75.279999,74.790001,74.940002,FB,19734000
539,74.57,74.57,2014-08-22,74.730003,73.57,74.339996,FB,20897000
540,74.57,74.57,2014-08-21,75.190002,74.410004,74.919998,FB,20102000
541,74.809998,74.809998,2014-08-20,75.18,74.620003,74.970001,FB,22917000
542,75.290001,75.290001,2014-08-19,75.580002,74.510002,74.809998,FB,26679000
543,74.589996,74.589996,2014-08-18,74.720001,73.959999,74.00,FB,23974000
544,73.629997,73.629997,2014-08-15,74.650002,73.00,74.32,FB,38846600
545,74.300003,74.300003,2014-08-14,74.379997,73.690002,73.970001,FB,22207000
546,73.769997,73.769997,2014-08-13,74.25,73.050003,73.120003,FB,29266000
547,72.830002,72.830002,2014-08-12,73.330002,72.220001,73.089996,FB,27419000
548,73.440002,73.440002,2014-08-11,73.910004,73.059998,73.459999,FB,24591000
549,73.059998,73.059998,2014-08-08,73.43,72.559998,73.400002,FB,27202000
550,73.169998,73.169998,2014-08-07,74.00,72.699997,73.00,FB,38141000
551,72.470001,72.470001,2014-08-06,73.720001,71.790001,72.019997,FB,30986000
552,72.690002,72.690002,2014-08-05,73.589996,72.18,73.199997,FB,34986000
553,73.510002,73.510002,2014-08-04,73.879997,72.360001,72.360001,FB,30777000
554,72.360001,72.360001,2014-08-01,73.220001,71.550003,72.220001,FB,43535000
555,72.650002,72.650002,2014-07-31,74.169998,72.440002,74.00,FB,43992000
556,74.68,74.68,2014-07-30,75.190002,74.129997,74.209999,FB,36853000
557,73.709999,73.709999,2014-07-29,74.919998,73.419998,74.720001,FB,41324000
558,74.919998,74.919998,2014-07-28,75.50,73.849998,75.169998,FB,41725000
559,75.190002,75.190002,2014-07-25,75.669998,74.660004,74.989998,FB,45917000
560,74.980003,74.980003,2014-07-24,76.739998,74.510002,75.959999,FB,124168000
561,71.290001,71.290001,2014-07-23,71.330002,69.610001,69.739998,FB,78435000
562,69.269997,69.269997,2014-07-22,69.769997,68.610001,69.760002,FB,40398000
563,69.400002,69.400002,2014-07-21,69.959999,68.50,68.809998,FB,49539000
564,68.419998,68.419998,2014-07-18,68.459999,66.160004,66.800003,FB,42456000
565,66.410004,66.410004,2014-07-17,67.849998,66.040001,67.029999,FB,38188000
566,67.660004,67.660004,2014-07-16,67.940002,67.07,67.540001,FB,29594000
567,67.169998,67.169998,2014-07-15,68.089996,66.260002,67.959999,FB,44213200
568,67.900002,67.900002,2014-07-14,68.169998,66.900002,67.129997,FB,38537000
569,66.339996,66.339996,2014-07-11,66.589996,64.790001,65.279999,FB,39212000
570,64.870003,64.870003,2014-07-10,65.339996,63.049999,63.310001,FB,44422000
571,64.970001,64.970001,2014-07-09,65.120003,63.150002,63.41,FB,51432000
572,62.759998,62.759998,2014-07-08,65.559998,62.209999,65.059998,FB,68926000
573,65.290001,65.290001,2014-07-07,66.57,65.120003,66.300003,FB,28745000
574,66.290001,66.290001,2014-07-03,67.00,65.760002,66.860001,FB,25203200
575,66.449997,66.449997,2014-07-02,68.300003,65.790001,68.040001,FB,41895000
576,68.059998,68.059998,2014-07-01,68.440002,67.389999,67.580002,FB,33243000
577,67.290001,67.290001,2014-06-30,67.919998,67.129997,67.459999,FB,27202000
578,67.599998,67.599998,2014-06-27,67.699997,66.839996,67.309998,FB,46461000
579,67.129997,67.129997,2014-06-26,68.00,66.900002,68.00,FB,47714000
580,67.440002,67.440002,2014-06-25,67.480003,65.57,65.580002,FB,44308000
581,65.720001,65.720001,2014-06-24,67.169998,65.269997,65.360001,FB,57335000
582,65.370003,65.370003,2014-06-23,65.660004,64.220001,64.32,FB,34560000
583,64.50,64.50,2014-06-20,64.809998,63.349998,64.459999,FB,46466000
584,64.339996,64.339996,2014-06-19,65.580002,64.209999,65.459999,FB,34245000
585,65.599998,65.599998,2014-06-18,65.75,64.050003,64.489998,FB,35570000
586,64.400002,64.400002,2014-06-17,64.879997,63.93,64.099998,FB,27715000
587,64.190002,64.190002,2014-06-16,64.879997,63.75,64.160004,FB,31046000
588,64.50,64.50,2014-06-13,64.970001,63.830002,64.699997,FB,29419000
589,64.290001,64.290001,2014-06-12,66.470001,64.059998,65.849998,FB,55730000
590,65.779999,65.779999,2014-06-11,65.800003,64.900002,65.32,FB,44242000
591,65.769997,65.769997,2014-06-10,65.82,63.50,63.529999,FB,69206900
592,62.880001,62.880001,2014-06-09,63.34,61.790001,62.400002,FB,37617000
593,62.50,62.50,2014-06-06,63.48,62.150002,63.369999,FB,42442000
594,63.189999,63.189999,2014-06-05,64.360001,62.82,63.66,FB,47352000
595,63.34,63.34,2014-06-04,63.59,62.07,62.450001,FB,36514000
596,62.869999,62.869999,2014-06-03,63.419998,62.32,62.619999,FB,32217000
597,63.080002,63.080002,2014-06-02,63.59,62.049999,63.23,FB,35947400
598,63.299999,63.299999,2014-05-30,64.169998,62.560001,63.950001,FB,45253500
599,63.830002,63.830002,2014-05-29,64.300003,63.509998,63.84,FB,42700000
600,63.509998,63.509998,2014-05-28,64.139999,62.619999,63.389999,FB,47795000
601,63.48,63.48,2014-05-27,63.509998,61.57,61.619999,FB,55682000
602,61.349998,61.349998,2014-05-23,61.450001,60.150002,60.41,FB,38294000
603,60.52,60.52,2014-05-22,61.48,60.400002,60.939999,FB,54200000
604,60.490002,60.490002,2014-05-21,60.50,58.25,58.560001,FB,58992000
605,58.560001,58.560001,2014-05-20,60.189999,58.18,59.50,FB,53931000
606,59.209999,59.209999,2014-05-19,59.560001,57.57,57.889999,FB,43034000
607,58.02,58.02,2014-05-16,58.450001,57.310001,58.310001,FB,47933000
608,57.919998,57.919998,2014-05-15,59.380001,57.52,59.259998,FB,56814000
609,59.23,59.23,2014-05-14,60.450001,58.950001,59.529999,FB,47429000
610,59.830002,59.830002,2014-05-13,60.889999,59.509998,59.66,FB,48525000
611,59.830002,59.830002,2014-05-12,59.900002,57.98,57.98,FB,48575000
612,57.240002,57.240002,2014-05-09,57.650002,56.380001,56.849998,FB,52584000
613,56.759998,56.759998,2014-05-08,58.82,56.50,57.23,FB,61251000
614,57.389999,57.389999,2014-05-07,59.299999,56.259998,58.77,FB,78587000
615,58.529999,58.529999,2014-05-06,61.150002,58.490002,60.98,FB,55901000
616,61.220001,61.220001,2014-05-05,61.349998,59.18,59.669998,FB,46057000
617,60.459999,60.459999,2014-05-02,61.889999,60.18,61.299999,FB,54189000
618,61.150002,61.150002,2014-05-01,62.279999,60.209999,60.43,FB,82429000
619,59.779999,59.779999,2014-04-30,59.849998,57.16,57.580002,FB,76093000
620,58.150002,58.150002,2014-04-29,58.279999,55.84,56.09,FB,75557000
621,56.139999,56.139999,2014-04-28,58.310001,54.66,58.049999,FB,107758000
622,57.709999,57.709999,2014-04-25,60.009998,57.57,59.970001,FB,92502000
623,60.869999,60.869999,2014-04-24,63.650002,59.77,63.599998,FB,138769000
624,61.360001,61.360001,2014-04-23,63.48,61.259998,63.450001,FB,96565000
625,63.029999,63.029999,2014-04-22,63.439999,62.220001,62.650002,FB,60631000
626,61.240002,61.240002,2014-04-21,61.240002,59.150002,59.459999,FB,60364000
627,58.939999,58.939999,2014-04-17,60.580002,58.720001,59.299999,FB,88040000
628,59.720001,59.720001,2014-04-16,60.189999,57.740002,59.790001,FB,78774000
629,59.09,59.09,2014-04-15,59.68,55.880001,59.290001,FB,108623000
630,58.889999,58.889999,2014-04-14,60.450001,57.779999,60.09,FB,72325000
631,58.529999,58.529999,2014-04-11,60.310001,57.310001,57.599998,FB,91452000
632,59.16,59.16,2014-04-10,63.18,58.68,63.080002,FB,114988000
633,62.41,62.41,2014-04-09,62.459999,59.189999,59.630001,FB,100215000
634,58.189999,58.189999,2014-04-08,58.709999,57.169998,57.68,FB,78836000
635,56.950001,56.950001,2014-04-07,58.00,55.439999,55.900002,FB,108488000
636,56.75,56.75,2014-04-04,60.200001,56.32,59.939999,FB,125214400
637,59.490002,59.490002,2014-04-03,63.169998,59.130001,62.549999,FB,83859000
638,62.720001,62.720001,2014-04-02,63.91,62.209999,63.209999,FB,66277000
639,62.619999,62.619999,2014-04-01,62.66,60.240002,60.459999,FB,59291000
640,60.240002,60.240002,2014-03-31,61.52,59.869999,60.779999,FB,53011000
641,60.009998,60.009998,2014-03-28,61.950001,59.34,61.34,FB,67052000
642,60.970001,60.970001,2014-03-27,61.900002,57.98,60.509998,FB,112650000
643,60.389999,60.389999,2014-03-26,64.949997,60.369999,64.739998,FB,97503900
644,64.889999,64.889999,2014-03-25,66.190002,63.779999,64.889999,FB,68786000
645,64.099998,64.099998,2014-03-24,67.360001,63.360001,67.190002,FB,85696000
646,67.239998,67.239998,2014-03-21,67.919998,66.18,67.529999,FB,59999900
647,66.970001,66.970001,2014-03-20,68.230003,66.82,68.010002,FB,44439000
648,68.239998,68.239998,2014-03-19,69.290001,67.470001,69.169998,FB,43981000
649,69.190002,69.190002,2014-03-18,69.599998,68.300003,68.760002,FB,40827000
650,68.739998,68.739998,2014-03-17,68.949997,66.620003,68.18,FB,52197000
651,67.720001,67.720001,2014-03-14,69.43,67.459999,68.489998,FB,48227000
652,68.830002,68.830002,2014-03-13,71.349998,68.150002,71.290001,FB,57091000
653,70.879997,70.879997,2014-03-12,71.349998,69.00,69.860001,FB,46340500
654,70.099998,70.099998,2014-03-11,72.589996,69.959999,72.50,FB,59408300
655,72.029999,72.029999,2014-03-10,72.150002,70.510002,70.769997,FB,59871600
656,69.800003,69.800003,2014-03-07,71.18,69.470001,71.080002,FB,38927000
657,70.839996,70.839996,2014-03-06,71.889999,70.25,71.879997,FB,46026500
658,71.57,71.57,2014-03-05,71.970001,69.620003,69.690002,FB,74567700
659,68.800003,68.800003,2014-03-04,68.900002,67.620003,68.660004,FB,42013500
660,67.410004,67.410004,2014-03-03,68.050003,66.510002,66.959999,FB,56824100
661,68.459999,68.459999,2014-02-28,69.879997,67.379997,69.470001,FB,66783700
662,68.940002,68.940002,2014-02-27,70.010002,68.870003,69.339996,FB,41653700
663,69.260002,69.260002,2014-02-26,71.220001,68.849998,70.190002,FB,55322700
664,69.849998,69.849998,2014-02-25,71.00,69.449997,70.949997,FB,52077000
665,70.779999,70.779999,2014-02-24,71.440002,68.540001,68.739998,FB,76620300
666,68.589996,68.589996,2014-02-21,69.959999,68.449997,69.690002,FB,70932400
667,69.629997,69.629997,2014-02-20,70.110001,65.730003,67.730003,FB,130928900
668,68.059998,68.059998,2014-02-19,69.080002,67.00,67.050003,FB,62087100
669,67.300003,67.300003,2014-02-18,67.540001,66.07,66.940002,FB,43809900
670,67.089996,67.089996,2014-02-14,67.580002,66.720001,67.50,FB,36694900
671,67.330002,67.330002,2014-02-13,67.330002,64.050003,64.18,FB,61911700
672,64.449997,64.449997,2014-02-12,65.059998,64.050003,64.919998,FB,47282100
673,64.849998,64.849998,2014-02-11,65.00,63.349998,63.75,FB,45675600
674,63.549999,63.549999,2014-02-10,64.489998,63.470001,64.300003,FB,43666100
675,64.32,64.32,2014-02-07,64.57,62.220001,62.27,FB,60704300
676,62.16,62.16,2014-02-06,62.779999,61.459999,61.459999,FB,42086500
677,62.189999,62.189999,2014-02-05,63.16,61.27,62.740002,FB,51685100
678,62.75,62.75,2014-02-04,63.139999,61.82,62.049999,FB,45985500
679,61.48,61.48,2014-02-03,63.77,60.700001,63.029999,FB,74866600
680,62.57,62.57,2014-01-31,63.369999,60.169998,60.470001,FB,87794600
681,61.080002,61.080002,2014-01-30,62.50,60.459999,62.119999,FB,150178900
682,53.529999,53.529999,2014-01-29,54.950001,53.189999,54.610001,FB,92995600
683,55.139999,55.139999,2014-01-28,55.279999,54.00,54.02,FB,48191200
684,53.549999,53.549999,2014-01-27,54.939999,51.849998,54.73,FB,73924100
685,54.450001,54.450001,2014-01-24,56.419998,54.400002,56.150002,FB,55200700
686,56.630001,56.630001,2014-01-23,56.68,55.689999,56.369999,FB,47951800
687,57.509998,57.509998,2014-01-22,59.310001,57.099998,58.849998,FB,61352900
688,58.509998,58.509998,2014-01-21,58.580002,56.50,56.599998,FB,48669200
689,56.299999,56.299999,2014-01-17,57.82,56.07,57.299999,FB,40849200
690,57.189999,57.189999,2014-01-16,58.02,56.830002,57.259998,FB,34541800
691,57.599998,57.599998,2014-01-15,58.57,57.27,57.98,FB,33663400
692,57.740002,57.740002,2014-01-14,57.779999,56.099998,56.459999,FB,37503600
693,55.91,55.91,2014-01-13,58.25,55.380001,57.91,FB,63010900
694,57.939999,57.939999,2014-01-10,58.299999,57.060001,57.130001,FB,42449500
695,57.220001,57.220001,2014-01-09,58.959999,56.650002,58.650002,FB,92253300
696,58.23,58.23,2014-01-08,58.41,57.23,57.599998,FB,56682400
697,57.919998,57.919998,2014-01-07,58.549999,57.220001,57.700001,FB,77207400
698,57.200001,57.200001,2014-01-06,57.259998,54.049999,54.419998,FB,68852600
699,54.560001,54.560001,2014-01-03,55.650002,54.529999,55.02,FB,38246200
700,54.709999,54.709999,2014-01-02,55.220001,54.189999,54.830002,FB,43195500
701,54.650002,54.650002,2013-12-31,54.860001,53.91,54.119999,FB,43076200
702,53.709999,53.709999,2013-12-30,55.18,53.43,54.93,FB,68307000
703,55.439999,55.439999,2013-12-27,57.68,55.25,57.48,FB,60466000
704,57.73,57.73,2013-12-26,58.380001,57.369999,58.32,FB,55101000
705,57.959999,57.959999,2013-12-24,58.580002,56.91,58.27,FB,46617800
706,57.77,57.77,2013-12-23,58.32,55.450001,55.50,FB,98297000
707,55.119999,55.119999,2013-12-20,55.150002,54.23,54.93,FB,239824000
708,55.049999,55.049999,2013-12-19,55.189999,53.950001,54.330002,FB,89753200
709,55.57,55.57,2013-12-18,55.889999,53.75,54.860001,FB,76003000
710,54.860001,54.860001,2013-12-17,55.18,54.240002,54.759998,FB,78751000
711,53.810001,53.810001,2013-12-16,54.50,52.91,53.25,FB,85119000
712,53.32,53.32,2013-12-13,53.50,51.34,51.66,FB,82641000
713,51.830002,51.830002,2013-12-12,52.07,50.66,51.049999,FB,92723000
714,49.380001,49.380001,2013-12-11,50.77,49.009998,50.549999,FB,65776000
715,50.25,50.25,2013-12-10,50.77,48.540001,48.639999,FB,68479000
716,48.84,48.84,2013-12-09,48.970001,47.740002,48.09,FB,36056000
717,47.939999,47.939999,2013-12-06,49.389999,47.709999,48.98,FB,42938000
718,48.34,48.34,2013-12-05,48.700001,47.869999,48.150002,FB,43855000
719,48.619999,48.619999,2013-12-04,48.77,46.259998,46.459999,FB,60890000
720,46.73,46.73,2013-12-03,47.200001,46.290001,46.75,FB,32086000
721,47.060001,47.060001,2013-12-02,47.540001,46.259998,46.900002,FB,50774000
722,47.009998,47.009998,2013-11-29,47.209999,46.50,46.75,FB,22953900
723,46.490002,46.490002,2013-11-27,46.669998,45.529999,45.970001,FB,44993000
724,45.889999,45.889999,2013-11-26,46.169998,43.549999,44.66,FB,82016000
725,44.82,44.82,2013-11-25,46.650002,44.040001,46.360001,FB,82565000
726,46.23,46.23,2013-11-22,47.27,45.959999,47.040001,FB,40545000
727,46.700001,46.700001,2013-11-21,47.459999,46.689999,46.990002,FB,34886000
728,46.43,46.43,2013-11-20,47.549999,46.310001,46.610001,FB,53933000
729,46.360001,46.360001,2013-11-19,47.00,45.720001,46.259998,FB,75602000
730,45.830002,45.830002,2013-11-18,48.84,45.799999,48.470001,FB,85910000
731,49.009998,49.009998,2013-11-15,49.48,48.709999,49.110001,FB,42453000
732,48.990002,48.990002,2013-11-14,49.57,48.029999,48.700001,FB,75117000
733,48.709999,48.709999,2013-11-13,48.740002,46.060001,46.23,FB,79245000
734,46.610001,46.610001,2013-11-12,47.369999,45.830002,46.00,FB,68196000
735,46.200001,46.200001,2013-11-11,47.529999,45.73,47.040001,FB,80910000
736,47.529999,47.529999,2013-11-08,48.650002,47.25,47.810001,FB,70731000
737,47.560001,47.560001,2013-11-07,49.869999,47.299999,49.240002,FB,97128000
738,49.119999,49.119999,2013-11-06,50.450001,48.709999,50.259998,FB,67889000
739,50.110001,50.110001,2013-11-05,50.18,47.509998,47.790001,FB,76835000
740,48.220001,48.220001,2013-11-04,49.75,48.02,49.369999,FB,80371000
741,49.75,49.75,2013-11-01,52.09,49.720001,50.849998,FB,95033000
742,50.209999,50.209999,2013-10-31,52.00,46.50,47.16,FB,248809000
743,49.009998,49.009998,2013-10-30,50.209999,48.75,50.00,FB,127073000
744,49.400002,49.400002,2013-10-29,50.790001,49.25,50.73,FB,102143000
745,50.23,50.23,2013-10-28,51.700001,49.610001,51.540001,FB,73472000
746,51.950001,51.950001,2013-10-25,53.240002,51.880001,53.18,FB,45085000
747,52.450001,52.450001,2013-10-24,52.84,51.59,52.380001,FB,46775000
748,51.900002,51.900002,2013-10-23,52.25,51.130001,51.75,FB,57207000
749,52.68,52.68,2013-10-22,54.759998,52.200001,54.330002,FB,83204000
750,53.849998,53.849998,2013-10-21,54.810001,53.509998,54.68,FB,58235000
751,54.220001,54.220001,2013-10-18,54.830002,53.599998,54.18,FB,88260000
752,52.209999,52.209999,2013-10-17,52.220001,50.950001,51.119999,FB,71522000
753,51.139999,51.139999,2013-10-16,51.240002,49.900002,50.040001,FB,64678000
754,49.50,49.50,2013-10-15,51.00,49.18,49.990002,FB,81167000
755,49.509998,49.509998,2013-10-14,49.630001,47.91,48.310001,FB,68781000
756,49.110001,49.110001,2013-10-11,49.869999,48.790001,49.18,FB,58428000
757,49.049999,49.049999,2013-10-10,49.68,47.830002,47.869999,FB,99774000
758,46.77,46.77,2013-10-09,47.84,45.259998,47.380001,FB,147297000
759,47.139999,47.139999,2013-10-08,50.599998,47.080002,50.599998,FB,136081000
760,50.52,50.52,2013-10-07,51.290001,50.400002,50.73,FB,57204000
761,51.040001,51.040001,2013-10-04,51.16,49.57,49.77,FB,74447000
762,49.18,49.18,2013-10-03,50.720001,49.060001,50.470001,FB,82045000
763,50.279999,50.279999,2013-10-02,51.099998,49.950001,50.130001,FB,62834000
764,50.419998,50.419998,2013-10-01,51.029999,49.450001,49.970001,FB,98114000
765,50.23,50.23,2013-09-30,51.599998,49.799999,50.139999,FB,100095000
766,51.240002,51.240002,2013-09-27,51.279999,49.860001,50.290001,FB,81410500
767,50.389999,50.389999,2013-09-26,50.599998,49.50,50.009998,FB,98220100
768,49.459999,49.459999,2013-09-25,49.540001,48.459999,49.23,FB,87879700
769,48.450001,48.450001,2013-09-24,49.66,48.16,48.509998,FB,136716100
770,47.189999,47.189999,2013-09-23,47.549999,46.290001,47.279999,FB,75177000
771,47.490002,47.490002,2013-09-20,47.599998,45.740002,46.32,FB,115508400
772,45.98,45.98,2013-09-19,46.049999,45.23,45.509998,FB,63972400
773,45.23,45.23,2013-09-18,45.470001,44.400002,44.84,FB,79317000
774,45.07,45.07,2013-09-17,45.439999,42.43,42.50,FB,91934600
775,42.509998,42.509998,2013-09-16,44.939999,42.43,44.849998,FB,70424200
776,44.310001,44.310001,2013-09-13,45.080002,43.93,45.040001,FB,52765300
777,44.75,44.75,2013-09-12,45.619999,44.650002,45.529999,FB,68072300
778,45.040001,45.040001,2013-09-11,45.09,43.110001,43.389999,FB,72328300
779,43.599998,43.599998,2013-09-10,44.259998,43.23,44.240002,FB,54540300
780,44.040001,44.040001,2013-09-09,44.790001,43.700001,44.360001,FB,75794700
781,43.950001,43.950001,2013-09-06,44.610001,42.400002,43.09,FB,117535700
782,42.66,42.66,2013-09-05,42.77,41.77,41.790001,FB,50035400
783,41.779999,41.779999,2013-09-04,42.169998,41.439999,42.009998,FB,42581900
784,41.869999,41.869999,2013-09-03,42.16,41.509998,41.84,FB,48774900
785,41.290001,41.290001,2013-08-30,42.259998,41.060001,42.02,FB,67735100
786,41.279999,41.279999,2013-08-29,41.779999,40.799999,40.889999,FB,58303400
787,40.549999,40.549999,2013-08-28,40.849998,39.880001,39.959999,FB,57918200
788,39.639999,39.639999,2013-08-27,41.200001,39.419998,40.68,FB,72695100
789,41.34,41.34,2013-08-26,41.939999,40.619999,40.900002,FB,94162400
790,40.549999,40.549999,2013-08-23,40.630001,38.93,39.00,FB,86442300
791,38.549999,38.549999,2013-08-22,38.75,38.34,38.369999,FB,21931200
792,38.32,38.32,2013-08-21,38.849998,38.150002,38.380001,FB,46116900
793,38.41,38.41,2013-08-20,38.580002,37.689999,38.349998,FB,57995200
794,37.810001,37.810001,2013-08-19,38.279999,37.139999,37.43,FB,57609600
795,37.080002,37.080002,2013-08-16,37.490002,36.900002,36.970001,FB,45840800
796,36.560001,36.560001,2013-08-15,37.07,36.02,36.360001,FB,56521100
797,36.650002,36.650002,2013-08-14,37.549999,36.619999,36.830002,FB,48423900
798,37.02,37.02,2013-08-13,38.32,36.77,38.240002,FB,65379200
799,38.220001,38.220001,2013-08-12,38.50,38.099998,38.200001,FB,31161000
800,38.50,38.50,2013-08-09,38.740002,38.009998,38.59,FB,43532300
801,38.540001,38.540001,2013-08-08,39.189999,38.43,39.130001,FB,41301000
802,38.869999,38.869999,2013-08-07,38.939999,37.700001,38.610001,FB,68854800
803,38.549999,38.549999,2013-08-06,39.25,37.939999,39.110001,FB,63950800
804,39.189999,39.189999,2013-08-05,39.32,38.25,38.43,FB,79994800
805,38.049999,38.049999,2013-08-02,38.490002,37.50,37.66,FB,73058500
806,37.490002,37.490002,2013-08-01,38.290001,36.919998,37.299999,FB,106066500
807,36.799999,36.799999,2013-07-31,38.310001,36.330002,37.959999,FB,154828700
808,37.630001,37.630001,2013-07-30,37.959999,35.32,35.650002,FB,173582800
809,35.43,35.43,2013-07-29,35.630001,34.009998,34.07,FB,124718800
810,34.009998,34.009998,2013-07-26,34.73,33.560001,33.77,FB,136028900
811,34.360001,34.360001,2013-07-25,34.880001,32.75,33.540001,FB,365457900
812,26.51,26.51,2013-07-24,26.530001,26.049999,26.32,FB,82635600
813,26.129999,26.129999,2013-07-23,26.299999,25.969999,26.10,FB,28221600
814,26.049999,26.049999,2013-07-22,26.129999,25.719999,25.99,FB,27526300
815,25.879999,25.879999,2013-07-19,26.110001,25.60,25.82,FB,46539700
816,26.18,26.18,2013-07-18,26.77,26.120001,26.75,FB,24806900
817,26.65,26.65,2013-07-17,26.780001,26.299999,26.370001,FB,21518500
818,26.32,26.32,2013-07-16,26.75,26.01,26.389999,FB,30817600
819,26.280001,26.280001,2013-07-15,26.43,25.65,25.93,FB,24234000
820,25.91,25.91,2013-07-12,25.93,25.549999,25.74,FB,16537900
821,25.809999,25.809999,2013-07-11,26.00,25.450001,25.959999,FB,26777400
822,25.799999,25.799999,2013-07-10,25.83,25.469999,25.58,FB,26721800
823,25.48,25.48,2013-07-09,25.49,25.030001,25.07,FB,30387900
824,24.709999,24.709999,2013-07-08,25.040001,24.42,24.469999,FB,27064600
825,24.370001,24.370001,2013-07-05,24.66,24.200001,24.65,FB,20229500
826,24.52,24.52,2013-07-03,24.709999,24.15,24.219999,FB,10404400
827,24.41,24.41,2013-07-02,24.77,24.299999,24.700001,FB,18394100
828,24.809999,24.809999,2013-07-01,25.059999,24.620001,24.969999,FB,20582200
829,24.879999,24.879999,2013-06-28,24.98,24.42,24.68,FB,96778900
830,24.66,24.66,2013-06-27,24.84,24.209999,24.24,FB,34694100
831,24.16,24.16,2013-06-26,24.65,23.99,24.51,FB,29890300
832,24.25,24.25,2013-06-25,24.43,24.040001,24.139999,FB,24713200
833,23.940001,23.940001,2013-06-24,24.110001,23.379999,23.950001,FB,40626000
834,24.530001,24.530001,2013-06-21,24.700001,24.049999,24.59,FB,45833900
835,23.90,23.90,2013-06-20,24.75,23.65,24.280001,FB,42765600
836,24.309999,24.309999,2013-06-19,25.190001,24.10,24.200001,FB,31790600
837,24.209999,24.209999,2013-06-18,24.690001,24.08,24.09,FB,36709100
838,24.02,24.02,2013-06-17,24.25,23.75,23.91,FB,33664500
839,23.629999,23.629999,2013-06-14,23.889999,23.26,23.559999,FB,30677100
840,23.73,23.73,2013-06-13,23.83,23.27,23.719999,FB,31189300
841,23.77,23.77,2013-06-12,24.26,23.58,24.16,FB,26445800
842,24.030001,24.030001,2013-06-11,24.35,24.00,24.030001,FB,29885900
843,24.33,24.33,2013-06-10,24.60,23.99,24.059999,FB,58393000
844,23.290001,23.290001,2013-06-07,23.40,22.860001,23.030001,FB,38699200
845,22.969999,22.969999,2013-06-06,23.09,22.67,22.99,FB,31260700
846,22.90,22.90,2013-06-05,23.709999,22.790001,23.35,FB,53819700
847,23.52,23.52,2013-06-04,23.93,23.32,23.889999,FB,34760800
848,23.85,23.85,2013-06-03,24.32,23.709999,24.27,FB,35733800
849,24.35,24.35,2013-05-31,24.950001,24.27,24.629999,FB,35925000
850,24.549999,24.549999,2013-05-30,24.780001,23.93,24.129999,FB,60733200
851,23.32,23.32,2013-05-29,23.809999,23.26,23.790001,FB,64237800
852,24.10,24.10,2013-05-28,24.540001,23.92,24.540001,FB,50079700
853,24.309999,24.309999,2013-05-24,24.969999,24.08,24.969999,FB,58727900
854,25.059999,25.059999,2013-05-23,25.530001,24.77,24.799999,FB,37663100
855,25.16,25.16,2013-05-22,25.85,24.92,25.65,FB,45314500
856,25.66,25.66,2013-05-21,26.08,25.59,25.870001,FB,26261300
857,25.76,25.76,2013-05-20,26.190001,25.690001,26.18,FB,42402900
858,26.25,26.25,2013-05-17,26.60,26.200001,26.40,FB,29462700
859,26.129999,26.129999,2013-05-16,26.549999,25.90,26.48,FB,35499100
860,26.60,26.60,2013-05-15,26.99,26.40,26.92,FB,30299800
861,27.07,27.07,2013-05-14,27.280001,26.82,26.889999,FB,24930300
862,26.82,26.82,2013-05-13,27.33,26.530001,26.60,FB,29068800
863,26.68,26.68,2013-05-10,27.299999,26.57,27.139999,FB,30847100
864,27.040001,27.040001,2013-05-09,27.549999,26.85,27.08,FB,33457200
865,27.120001,27.120001,2013-05-08,27.299999,26.65,26.879999,FB,34654900
866,26.889999,26.889999,2013-05-07,27.85,26.85,27.549999,FB,41259100
867,27.57,27.57,2013-05-06,28.459999,27.48,28.33,FB,43939400
868,28.309999,28.309999,2013-05-03,29.07,28.15,29.040001,FB,58506400
869,28.969999,28.969999,2013-05-02,29.02,27.98,28.01,FB,104257000
870,27.43,27.43,2013-05-01,27.92,27.309999,27.85,FB,64567600
871,27.77,27.77,2013-04-30,27.85,27.01,27.129999,FB,36245700
872,26.98,26.98,2013-04-29,27.41,26.860001,27.16,FB,29201100
873,26.85,26.85,2013-04-26,27.620001,26.60,26.60,FB,33018000
874,26.139999,26.139999,2013-04-25,26.40,26.00,26.07,FB,17150000
875,26.110001,26.110001,2013-04-24,26.40,25.799999,25.93,FB,19729900
876,25.98,25.98,2013-04-23,26.33,25.77,26.219999,FB,25191500
877,25.969999,25.969999,2013-04-22,26.360001,25.700001,25.809999,FB,25687600
878,25.73,25.73,2013-04-19,25.959999,25.33,25.620001,FB,20380900
879,25.690001,25.690001,2013-04-18,26.82,25.15,26.82,FB,39059000
880,26.629999,26.629999,2013-04-17,27.200001,26.389999,26.65,FB,26440600
881,26.92,26.92,2013-04-16,27.110001,26.40,26.809999,FB,27365900
882,26.52,26.52,2013-04-15,27.48,26.360001,27.16,FB,30275400
883,27.40,27.40,2013-04-12,28.00,27.24,28.00,FB,28697400
884,28.02,28.02,2013-04-11,28.10,27.25,27.48,FB,33368500
885,27.57,27.57,2013-04-10,27.84,26.90,27.01,FB,45949400
886,26.59,26.59,2013-04-09,26.889999,26.42,26.58,FB,21311100
887,26.85,26.85,2013-04-08,27.200001,26.629999,27.190001,FB,27256000
888,27.389999,27.389999,2013-04-05,27.799999,26.610001,26.860001,FB,64566600
889,27.07,27.07,2013-04-04,27.23,26.110001,26.620001,FB,82016800
890,26.25,26.25,2013-04-03,26.389999,25.700001,25.83,FB,48195200
891,25.42,25.42,2013-04-02,26.120001,25.299999,25.77,FB,35153300
892,25.530001,25.530001,2013-04-01,25.889999,25.280001,25.629999,FB,22249300
893,25.58,25.58,2013-03-28,26.17,25.52,26.09,FB,28585700
894,26.09,26.09,2013-03-27,26.280001,24.719999,25.00,FB,52297400
895,25.209999,25.209999,2013-03-26,25.48,25.030001,25.08,FB,26957200
896,25.129999,25.129999,2013-03-25,25.799999,25.08,25.75,FB,39199000
897,25.73,25.73,2013-03-22,26.01,25.629999,25.799999,FB,18456300
898,25.74,25.74,2013-03-21,26.110001,25.559999,25.66,FB,24336100
899,25.860001,25.860001,2013-03-20,26.690001,25.780001,26.68,FB,44006500
900,26.549999,26.549999,2013-03-19,26.90,26.209999,26.530001,FB,25254200
901,26.49,26.49,2013-03-18,26.790001,25.780001,26.370001,FB,26653700
902,26.65,26.65,2013-03-15,27.059999,26.559999,27.030001,FB,31597400
903,27.040001,27.040001,2013-03-14,27.43,26.83,27.10,FB,27646400
904,27.08,27.08,2013-03-13,27.65,26.92,27.620001,FB,39619500
905,27.83,27.83,2013-03-12,28.32,27.60,28.10,FB,27569600
906,28.139999,28.139999,2013-03-11,28.639999,27.83,28.01,FB,35642100
907,27.959999,27.959999,2013-03-08,28.469999,27.73,28.43,FB,44198900
908,28.58,28.58,2013-03-07,28.68,27.469999,27.57,FB,74540200
909,27.450001,27.450001,2013-03-06,28.129999,27.35,28.10,FB,33532600
910,27.52,27.52,2013-03-05,28.18,27.209999,27.879999,FB,40622200
911,27.719999,27.719999,2013-03-04,28.059999,27.440001,27.76,FB,32400700
912,27.780001,27.780001,2013-03-01,28.120001,26.809999,27.049999,FB,54064800
913,27.25,27.25,2013-02-28,27.299999,26.34,26.84,FB,83027800
914,26.870001,26.870001,2013-02-27,27.34,26.629999,27.34,FB,44319700
915,27.389999,27.389999,2013-02-26,27.459999,26.700001,27.360001,FB,31611700
916,27.27,27.27,2013-02-25,27.639999,27.15,27.16,FB,34652000
917,27.129999,27.129999,2013-02-22,27.629999,26.82,27.620001,FB,36350200
918,27.280001,27.280001,2013-02-21,28.549999,27.15,28.280001,FB,49642300
919,28.459999,28.459999,2013-02-20,29.049999,28.33,28.92,FB,42098200
920,28.93,28.93,2013-02-19,29.08,28.120001,28.23,FB,49396400
921,28.32,28.32,2013-02-15,28.75,28.09,28.52,FB,33109300
922,28.50,28.50,2013-02-14,28.629999,28.01,28.02,FB,35615800
923,27.91,27.91,2013-02-13,28.32,27.309999,27.360001,FB,50164000
924,27.370001,27.370001,2013-02-12,28.16,27.10,27.67,FB,93498700
925,28.26,28.26,2013-02-11,28.68,28.040001,28.610001,FB,37361800
926,28.549999,28.549999,2013-02-08,29.17,28.51,28.889999,FB,37708800
927,28.65,28.65,2013-02-07,29.15,28.27,29.110001,FB,34540100
928,29.049999,29.049999,2013-02-06,29.290001,28.66,28.74,FB,38375900
929,28.639999,28.639999,2013-02-05,28.959999,28.040001,28.26,FB,47948200
930,28.110001,28.110001,2013-02-04,29.200001,28.01,29.059999,FB,92362200
931,29.73,29.73,2013-02-01,31.02,29.629999,31.01,FB,85856700
932,30.98,30.98,2013-01-31,31.469999,28.74,29.15,FB,190744900
933,31.24,31.24,2013-01-30,31.49,30.879999,30.98,FB,87682100
934,30.790001,30.790001,2013-01-29,32.07,30.709999,32.00,FB,72976500
935,32.470001,32.470001,2013-01-28,32.509998,31.809999,31.879999,FB,59682500
936,31.540001,31.540001,2013-01-25,31.93,31.129999,31.41,FB,54363600
937,31.08,31.08,2013-01-24,31.49,30.809999,31.27,FB,43845100
938,30.82,30.82,2013-01-23,31.50,30.799999,31.10,FB,48899800
939,30.73,30.73,2013-01-22,30.889999,29.74,29.75,FB,55243300
940,29.66,29.66,2013-01-18,30.440001,29.27,30.309999,FB,49631500
941,30.139999,30.139999,2013-01-17,30.42,30.030001,30.08,FB,40256700
942,29.85,29.85,2013-01-16,30.35,29.530001,30.209999,FB,75332700
943,30.10,30.10,2013-01-15,31.709999,29.879999,30.639999,FB,173242600
944,30.950001,30.950001,2013-01-14,32.209999,30.620001,32.080002,FB,98892800
945,31.719999,31.719999,2013-01-11,31.959999,31.10,31.280001,FB,89598000
946,31.299999,31.299999,2013-01-10,31.450001,30.280001,30.60,FB,95316400
947,30.59,30.59,2013-01-09,30.60,29.49,29.67,FB,104787700
948,29.059999,29.059999,2013-01-08,29.60,28.860001,29.51,FB,45871300
949,29.42,29.42,2013-01-07,29.790001,28.65,28.690001,FB,83781800
950,28.76,28.76,2013-01-04,28.93,27.83,28.01,FB,72715400
951,27.77,27.77,2013-01-03,28.469999,27.59,27.879999,FB,63140600
952,28.00,28.00,2013-01-02,28.18,27.42,27.440001,FB,69846400
953,26.620001,26.620001,2012-12-31,26.99,26.110001,26.200001,FB,60374500
954,25.91,25.91,2012-12-28,26.110001,25.15,25.48,FB,56574800
955,26.049999,26.049999,2012-12-27,26.799999,25.52,26.549999,FB,43481700
956,26.51,26.51,2012-12-26,27.18,26.379999,27.030001,FB,33175400
957,26.93,26.93,2012-12-24,26.959999,26.200001,26.50,FB,28230100
958,26.26,26.26,2012-12-21,27.01,26.120001,26.66,FB,54555200
959,27.360001,27.360001,2012-12-20,27.60,27.129999,27.49,FB,35574800
960,27.41,27.41,2012-12-19,28.219999,26.950001,27.83,FB,61390300
961,27.709999,27.709999,2012-12-18,27.91,26.90,26.959999,FB,60512900
962,26.75,26.75,2012-12-17,27.00,26.32,26.77,FB,57742500
963,26.809999,26.809999,2012-12-14,28.33,26.76,28.18,FB,91631600
964,28.24,28.24,2012-12-13,28.75,27.43,27.59,FB,81051600
965,27.58,27.58,2012-12-12,28.139999,27.370001,28.00,FB,46704200
966,27.98,27.98,2012-12-11,28.24,27.66,28.07,FB,77099100
967,27.84,27.84,2012-12-10,28.17,27.10,27.17,FB,50608500
968,27.49,27.49,2012-12-07,27.780001,26.84,27.07,FB,51751900
969,26.969999,26.969999,2012-12-06,27.75,26.82,27.68,FB,46001500
970,27.709999,27.709999,2012-12-05,27.90,27.26,27.75,FB,58976300
971,27.459999,27.459999,2012-12-04,27.76,26.68,27.059999,FB,72869200
972,27.040001,27.040001,2012-12-03,28.879999,26.98,28.00,FB,123526100
973,28.00,28.00,2012-11-30,28.00,26.76,27.26,FB,127049600
974,27.32,27.32,2012-11-29,27.52,26.16,26.50,FB,88759700
975,26.360001,26.360001,2012-11-28,26.49,25.75,25.940001,FB,49205600
976,26.15,26.15,2012-11-27,26.50,25.459999,26.040001,FB,85760600
977,25.940001,25.940001,2012-11-26,26.09,24.809999,24.940001,FB,123865000
978,24.00,24.00,2012-11-23,24.68,23.879999,24.58,FB,29520900
979,24.32,24.32,2012-11-21,24.530001,23.049999,23.219999,FB,89862400
980,23.10,23.10,2012-11-20,23.90,22.700001,22.73,FB,46655300
981,22.92,22.92,2012-11-19,24.120001,22.82,23.959999,FB,85021300
982,23.559999,23.559999,2012-11-16,23.93,22.18,22.25,FB,107182200
983,22.17,22.17,2012-11-15,22.50,21.65,22.34,FB,78857700
984,22.360001,22.360001,2012-11-14,22.50,19.93,20.10,FB,229751000
985,19.860001,19.860001,2012-11-13,20.110001,19.559999,19.610001,FB,71775100
986,20.07,20.07,2012-11-12,20.17,18.870001,19.15,FB,67349200
987,19.209999,19.209999,2012-11-09,20.00,19.129999,19.959999,FB,42295500
988,19.99,19.99,2012-11-08,20.73,19.98,20.52,FB,34254600
989,20.469999,20.469999,2012-11-07,20.950001,20.370001,20.85,FB,33396800
990,21.17,21.17,2012-11-06,21.370001,20.99,21.24,FB,29062700
991,21.25,21.25,2012-11-05,21.48,20.92,21.10,FB,31806700
992,21.18,21.18,2012-11-02,21.690001,21.07,21.26,FB,38344400
993,21.209999,21.209999,2012-11-01,21.440001,21.01,21.08,FB,37713900
994,21.110001,21.110001,2012-10-31,21.50,20.73,20.82,FB,99378200
995,21.940001,21.940001,2012-10-26,22.879999,21.879999,22.40,FB,73175800
996,22.559999,22.559999,2012-10-25,23.309999,22.469999,23.290001,FB,76142000
997,23.23,23.23,2012-10-24,24.25,22.85,24.129999,FB,228949900
998,19.50,19.50,2012-10-23,19.799999,19.10,19.25,FB,78381200
999,19.32,19.32,2012-10-22,19.43,19.049999,19.200001,FB,32447300
1000,19.00,19.00,2012-10-19,19.059999,18.799999,19.00,FB,34835000
1001,18.98,18.98,2012-10-18,19.790001,18.889999,19.700001,FB,52157400
1002,19.879999,19.879999,2012-10-17,20.48,19.370001,19.50,FB,44074500
1003,19.48,19.48,2012-10-16,19.690001,19.299999,19.68,FB,21834700
1004,19.52,19.52,2012-10-15,19.879999,19.49,19.68,FB,20189700
1005,19.52,19.52,2012-10-12,19.799999,19.48,19.75,FB,18809400
1006,19.75,19.75,2012-10-11,19.959999,19.610001,19.879999,FB,21817300
1007,19.639999,19.639999,2012-10-10,19.940001,19.450001,19.93,FB,39321800
1008,20.23,20.23,2012-10-09,20.549999,19.969999,20.389999,FB,27161800
1009,20.40,20.40,2012-10-08,20.75,20.16,20.40,FB,32236700
1010,20.91,20.91,2012-10-05,21.629999,20.879999,21.49,FB,40529300
1011,21.950001,21.950001,2012-10-04,22.40,21.41,22.32,FB,46892100
1012,21.83,21.83,2012-10-03,22.49,21.799999,22.299999,FB,32000100
1013,22.27,22.27,2012-10-02,22.49,21.82,22.08,FB,29341400
1014,21.99,21.99,2012-10-01,22.59,21.73,22.08,FB,51262700
1015,21.66,21.66,2012-09-28,21.950001,20.50,20.57,FB,65486000
1016,20.32,20.32,2012-09-27,21.00,20.16,20.99,FB,30215900
1017,20.620001,20.620001,2012-09-26,20.780001,19.799999,20.15,FB,38271900
1018,20.280001,20.280001,2012-09-25,21.209999,20.219999,21.200001,FB,46291700
1019,20.790001,20.790001,2012-09-24,21.98,20.360001,21.780001,FB,79106500
1020,22.860001,22.860001,2012-09-21,23.24,22.60,22.969999,FB,51218100
1021,22.59,22.59,2012-09-20,23.24,22.540001,23.02,FB,57248900
1022,23.290001,23.290001,2012-09-19,23.370001,21.77,21.99,FB,78782800
1023,21.870001,21.870001,2012-09-18,21.98,21.370001,21.60,FB,36760500
1024,21.52,21.52,2012-09-17,22.75,21.50,22.67,FB,50667600
1025,22.00,22.00,2012-09-14,22.08,20.90,21.129999,FB,72819800
1026,20.709999,20.709999,2012-09-13,21.48,20.610001,20.959999,FB,65041600
1027,20.93,20.93,2012-09-12,21.16,20.280001,20.76,FB,121584000
1028,19.43,19.43,2012-09-11,19.58,18.85,18.92,FB,50508200
1029,18.809999,18.809999,2012-09-10,19.200001,18.549999,19.059999,FB,24797800
1030,18.98,18.98,2012-09-07,19.42,18.780001,19.10,FB,36371700
1031,18.959999,18.959999,2012-09-06,19.26,18.719999,18.74,FB,46066500
1032,18.58,18.58,2012-09-05,18.75,18.18,18.27,FB,60781800
1033,17.73,17.73,2012-09-04,18.27,17.549999,18.08,FB,46622400
1034,18.059999,18.059999,2012-08-31,18.700001,18.030001,18.68,FB,58764200
1035,19.09,19.09,2012-08-30,19.450001,19.059999,19.27,FB,30647500
1036,19.10,19.10,2012-08-29,19.379999,19.07,19.32,FB,16124700
1037,19.34,19.34,2012-08-28,19.379999,18.950001,19.10,FB,25417000
1038,19.15,19.15,2012-08-27,19.530001,19.10,19.49,FB,20704000
1039,19.41,19.41,2012-08-24,19.68,19.25,19.52,FB,29622200
1040,19.440001,19.440001,2012-08-23,19.73,19.360001,19.50,FB,32813700
1041,19.440001,19.440001,2012-08-22,19.530001,18.959999,19.360001,FB,49892200
1042,19.16,19.16,2012-08-21,19.98,19.09,19.58,FB,70640600
1043,20.01,20.01,2012-08-20,20.129999,18.75,19.049999,FB,101186600
1044,19.049999,19.049999,2012-08-17,20.08,19.00,20.01,FB,129293400
1045,19.870001,19.870001,2012-08-16,20.48,19.690001,20.440001,FB,157565300
1046,21.200001,21.200001,2012-08-15,21.41,20.40,20.639999,FB,47861100
1047,20.379999,20.379999,2012-08-14,21.60,20.25,21.41,FB,39308800
1048,21.60,21.60,2012-08-13,22.450001,21.40,22.15,FB,24973100
1049,21.809999,21.809999,2012-08-10,21.82,21.129999,21.41,FB,25794700
1050,21.01,21.01,2012-08-09,21.17,20.610001,20.75,FB,15610700
1051,20.719999,20.719999,2012-08-08,21.15,20.219999,20.709999,FB,29537400
1052,20.719999,20.719999,2012-08-07,22.450001,20.50,22.200001,FB,36782900
1053,21.92,21.92,2012-08-06,22.15,21.299999,21.389999,FB,27778900
1054,21.09,21.09,2012-08-03,22.16,19.90,20.360001,FB,80647000
1055,20.040001,20.040001,2012-08-02,20.84,19.82,20.77,FB,56374500
1056,20.879999,20.879999,2012-08-01,21.58,20.84,21.50,FB,44604400
1057,21.709999,21.709999,2012-07-31,23.370001,21.610001,23.370001,FB,56179400
1058,23.15,23.15,2012-07-30,24.040001,23.030001,24.00,FB,29285900
1059,23.709999,23.709999,2012-07-27,24.540001,22.280001,23.190001,FB,123102300
1060,26.85,26.85,2012-07-26,28.23,26.73,27.75,FB,64597400
1061,29.34,29.34,2012-07-25,29.49,28.08,28.389999,FB,17230200
1062,28.450001,28.450001,2012-07-24,29.450001,28.10,28.82,FB,11539800
1063,28.75,28.75,2012-07-23,29.00,28.01,28.120001,FB,12390700
1064,28.76,28.76,2012-07-20,29.469999,28.719999,29.00,FB,11869100
1065,29.00,29.00,2012-07-19,29.50,28.629999,29.41,FB,13685100
1066,29.110001,29.110001,2012-07-18,29.290001,28.15,28.309999,FB,16841800
1067,28.09,28.09,2012-07-17,28.59,27.15,28.48,FB,30438600
1068,28.25,28.25,2012-07-16,30.50,28.209999,30.50,FB,24672100
1069,30.719999,30.719999,2012-07-13,31.07,30.559999,31.040001,FB,8108300
1070,30.809999,30.809999,2012-07-12,31.40,30.60,30.700001,FB,11300700
1071,30.969999,30.969999,2012-07-11,31.559999,30.549999,31.48,FB,13030300
1072,31.469999,31.469999,2012-07-10,32.48,31.16,32.43,FB,14269500
1073,32.169998,32.169998,2012-07-09,32.880001,31.99,32.099998,FB,17785200
1074,31.73,31.73,2012-07-06,31.90,31.26,31.440001,FB,10945600
1075,31.469999,31.469999,2012-07-05,31.629999,31.02,31.32,FB,10032100
1076,31.200001,31.200001,2012-07-03,31.440001,30.799999,30.91,FB,8763600
1077,30.77,30.77,2012-07-02,31.73,30.549999,31.25,FB,14122000
1078,31.10,31.10,2012-06-29,31.99,30.76,31.92,FB,19526900
1079,31.360001,31.360001,2012-06-28,32.189999,30.90,31.959999,FB,17713300
1080,32.23,32.23,2012-06-27,32.900002,31.90,32.459999,FB,28568000
1081,33.099998,33.099998,2012-06-26,33.439999,32.50,32.689999,FB,24858700
1082,32.060001,32.060001,2012-06-25,33.02,31.549999,32.860001,FB,24352900
1083,33.049999,33.049999,2012-06-22,33.450001,32.060001,32.41,FB,74834000
1084,31.84,31.84,2012-06-21,32.50,31.51,31.67,FB,21875300
1085,31.60,31.60,2012-06-20,31.93,31.15,31.92,FB,15553600
1086,31.91,31.91,2012-06-19,32.18,30.700001,31.540001,FB,30849000
1087,31.41,31.41,2012-06-18,32.080002,29.41,29.959999,FB,42978900
1088,30.01,30.01,2012-06-15,30.10,28.35,28.51,FB,43563800
1089,28.290001,28.290001,2012-06-14,28.32,27.379999,27.65,FB,16855000
1090,27.27,27.27,2012-06-13,28.10,27.10,27.66,FB,17102800
1091,27.40,27.40,2012-06-12,27.77,26.959999,27.48,FB,15816800
1092,27.01,27.01,2012-06-11,28.07,26.84,27.18,FB,28219600
1093,27.10,27.10,2012-06-08,27.76,26.440001,26.549999,FB,38034000
1094,26.309999,26.309999,2012-06-07,27.35,26.15,27.00,FB,26159500
1095,26.809999,26.809999,2012-06-06,27.17,25.52,26.07,FB,61489200
1096,25.870001,25.870001,2012-06-05,27.76,25.75,26.700001,FB,42473400
1097,26.90,26.90,2012-06-04,27.65,26.440001,27.200001,FB,35230300
1098,27.719999,27.719999,2012-06-01,29.15,27.389999,28.889999,FB,41855500
1099,29.60,29.60,2012-05-31,29.67,26.83,28.549999,FB,111639200
1100,28.190001,28.190001,2012-05-30,29.549999,27.860001,28.700001,FB,57267900
1101,28.84,28.84,2012-05-29,31.690001,28.65,31.48,FB,78063400
1102,31.91,31.91,2012-05-25,32.950001,31.110001,32.900002,FB,37149800
1103,33.029999,33.029999,2012-05-24,33.209999,31.77,32.950001,FB,50237200
1104,32.00,32.00,2012-05-23,32.50,31.360001,31.370001,FB,73600000
1105,31.00,31.00,2012-05-22,33.59,30.940001,32.610001,FB,101786600
1106,34.029999,34.029999,2012-05-21,36.66,33.00,36.529999,FB,168192700
1107,38.23,38.23,2012-05-18,45.00,38.00,42.049999,FB,573576400
